Feature_Name,novel,novel_cot,plausible,plausible_cot,Interesting?,Confidence,step_by_step_explanation,corr,p_val,feature_importance,MutualInfoTarget,F.Split-Lift (y==1),F.Split-Feature Split,not_boring,boring_cot,target
Total protein,1,"The association between 'Total protein' and 'Depression OR Depressive disorder' is not well-documented in the current literature. While there are discussions about various biomarkers and their roles in depression, the specific correlation of total protein levels with depression is not a widely recognized or established concept. The existing literature does not provide strong evidence to suggest that total protein levels are directly linked to depressive disorders, making this association appear novel. Therefore, it does not contradict established understanding but rather suggests a potential area for further exploration. Given this context, the association can be considered novel.",1,"The relationship between 'Total protein' and 'Depression OR Depressive disorder' can be examined through various biological mechanisms. While a linear correlation of -0.0 suggests no direct relationship, it does not rule out the possibility of indirect associations or underlying mechanisms. For instance, total protein levels can influence neurotransmitter synthesis, immune response, and overall brain health, which are all relevant to depression. Additionally, certain proteins, such as those involved in oxidative stress or neuroinflammation, have been implicated in the pathophysiology of depression. Therefore, while the correlation is neutral, there are plausible biological mechanisms that could explain a relationship between total protein levels and depressive disorders, particularly through the modulation of neurobiological pathways. Thus, it makes sense to consider that there could be a plausible explanation for this relationship.",True,4,"1. **Novelty:** The association between total protein levels and depression is not well-documented in the literature, making it a novel area for exploration. While various biomarkers have been studied in relation to depression, total protein as a whole is not commonly highlighted. This suggests that the feature could provide new insights or lead to further research into the role of proteins in mental health.

2. **Plausibility:** Although the direct correlation is neutral, there are plausible biological mechanisms that could link total protein levels to depression. Proteins are involved in numerous bodily functions, including neurotransmitter synthesis and immune responses, both of which are relevant to depression. Therefore, even though the correlation is not strong, the potential for underlying mechanisms makes the association plausible.

3. **Usefulness:** Despite the neutral correlation, the feature's lift under the specified split suggests that there might be subsets of the population where total protein levels are more relevant. This could be useful in identifying specific groups at risk or in developing targeted interventions.

Overall, the novelty and plausibility of the feature make it interesting for further investigation, even if its immediate utility is not clear.",-0.0,0.0,0.013,0.0,1.61,Total protein < -2.70,True,"The relationship between 'Total protein' and 'Depression OR Depressive disorder' is not explicitly mentioned in the provided documents. The documents discuss various biological and genetic factors that contribute to the development of depression, such as neuroanatomical, neuroendocrino-logical, and neurophysiological correlates, genetic variants in neurotrophic factors and pro-inflam-matory cytokines, and life events and hassles. However, the 'Total protein' feature is not directly linked to these factors. Therefore, the association between 'Total protein' and 'Depression OR Depressive disorder' is not well known or explained by existing knowledge.",(Depression) OR (Depressive disorder)
missing_Peripheral enthesopathies and allied syndromes,1,"The relationship between peripheral enthesopathies and depressive disorders is not well-documented in the literature. While enthesopathies are often associated with various rheumatic conditions, the direct correlation with depression is less explored. The documents reviewed do not provide substantial evidence linking these two conditions directly, suggesting that this association may not be widely recognized or understood in current medical literature. Therefore, it can be considered novel as it does not contradict established understanding but rather highlights a potential area for further research.",1,"To determine if there is a plausible explanation for the association between 'Peripheral enthesopathies and allied syndromes' and 'Depression OR Depressive disorder', we need to consider the known mechanisms linking physical health and mental health. Peripheral enthesopathies involve pain and dysfunction at the sites where tendons and ligaments attach to bones, which can lead to chronic pain conditions. Chronic pain is well-documented to have a significant impact on mental health, often leading to or exacerbating conditions such as depression and anxiety. The presence of chronic pain can lead to decreased physical activity, social isolation, and a negative impact on quality of life, all of which are risk factors for developing depressive disorders. Therefore, it is reasonable to conclude that there is a plausible mechanism linking peripheral enthesopathies to depression, as the experience of chronic pain can contribute to the onset or worsening of depressive symptoms. Thus, the answer is A.",True,4,"1. **Novelty:** The relationship between peripheral enthesopathies and depression is not well-documented, making it a novel area of study. Enthesopathies are typically associated with rheumatic conditions, and their link to mental health, specifically depression, is not widely recognized in the literature. This suggests a potential new avenue for research into the psychosomatic aspects of chronic pain conditions.

2. **Plausibility:** The association is plausible because chronic pain, which can result from enthesopathies, is known to contribute to mental health issues, including depression. Chronic pain can lead to reduced physical activity, social isolation, and a diminished quality of life, all of which are risk factors for depression. Therefore, there is a logical pathway that could explain the connection between these conditions.

3. **Usefulness:** While the direct utility of this feature in clinical practice is not immediately clear, it could inform future research into integrated treatment approaches for patients with chronic pain and depression. Understanding this link could lead to better management strategies that address both physical and mental health aspects.

Overall, the feature is interesting due to its novelty and plausible connection, despite its neutral correlation with depression when controlled for other factors.",-0.0,0.0,0.008,0.014,1.65,missing_Peripheral enthesopathies and allied syndromes < -3.00,True,"The feature 'Peripheral enthesopathies and allied syndromes' is not explicitly mentioned in the provided documents as a risk factor or associated with the target disease 'Depression OR Depressive disorder'. The documents primarily focus on various risk factors for depression, including genetic, biological, social, psychological, and spiritual factors, but do not specifically mention peripheral enthesopathies and allied syndromes as a risk factor. Therefore, the association between this feature and the target disease is not well known or explained by existing knowledge.",(Depression) OR (Depressive disorder)
missing_Gastritis and duodenitis,1,"The association between 'Gastritis and duodenitis' and 'Depression OR Depressive disorder' is not well-documented in current literature. While there are established links between gastrointestinal disorders and mental health, particularly the role of gut health in influencing mood and behavior, the specific correlation between gastritis/duodenitis and depression is not widely recognized or studied. The existing literature primarily focuses on the impact of Helicobacter pylori and other gastrointestinal conditions on physical health rather than their psychological implications. Therefore, this association can be considered novel as it has not been extensively explored or established in the current understanding of these conditions. Thus, it provides new insights into the potential interplay between gastrointestinal health and mental health, suggesting a need for further research in this area.",1,"Gastritis and duodenitis are inflammatory conditions of the gastrointestinal tract that can lead to various symptoms such as abdominal pain, nausea, and discomfort. Chronic gastrointestinal disorders, including gastritis and duodenitis, can significantly impact a person's quality of life and may contribute to psychological distress, including depression. The mechanisms linking gastrointestinal health and mental health are supported by the gut-brain axis, which suggests that inflammation in the gut can influence brain function and mood. Additionally, chronic pain and discomfort from these conditions can lead to feelings of helplessness and anxiety, which are often associated with depression. Therefore, it is plausible to consider that there is a relationship between gastritis/duodenitis and depression, as the physical symptoms can contribute to psychological conditions. Thus, the answer is A.",True,4,"1. **Novelty:** The association between gastritis/duodenitis and depression is not extensively documented, making it a relatively novel area of research. While there is a general understanding of the gut-brain axis and its influence on mental health, specific studies linking these particular gastrointestinal conditions with depression are limited. This suggests that exploring this feature could provide new insights into the interplay between gastrointestinal health and mental health, which is not trivially explainable by existing known features.

2. **Plausibility:** The plausibility of this association is supported by the gut-brain axis theory, which posits that the gut and brain communicate bidirectionally, influencing each other's functions. Inflammatory conditions like gastritis and duodenitis could potentially affect mood and mental health through this axis. Additionally, chronic pain and discomfort from these conditions can lead to psychological distress, including depression. Therefore, the association is plausible based on known biological mechanisms and the impact of chronic illness on mental health.

3. **Usefulness/Utility:** While the feature has a neutral correlation with depression when controlling for other factors, its novelty and plausibility make it an interesting area for further research. Understanding this association better could lead to improved clinical interventions and holistic treatment approaches that consider both gastrointestinal and mental health.

Overall, the feature is interesting due to its novelty and plausible biological basis, warranting further exploration in research.",0.0,0.0,0.004,0.014,1.64,missing_Gastritis and duodenitis < -2.00,True,"The relationship between gastritis and duodenitis and depression or depressive disorder is not directly established in the provided documents. However, the documents do mention that gastritis and duodenitis can be caused by various factors, including Helicobacter pylori infection, which is also linked to an increased risk of depression. Additionally, the documents mention that chronic gastritis can lead to complications such as gastric adenocarcinoma, which is associated with depression. Furthermore, the documents also mention that stress, which can be caused by gastritis and duodenitis, is a known risk factor for depression. Therefore, while the direct association between gastritis and duodenitis and depression or depressive disorder is not explicitly stated, there are indirect connections and related pathways that suggest a potential link.",(Depression) OR (Depressive disorder)
Pulse wave reflection index,1,"The relationship between pulse wave reflection index and depression is not extensively documented in the provided literature. While there are studies that discuss the effects of mental stress on arterial stiffness and wave reflections, and some mention the association of cardiovascular risk factors with depression, a direct and specific correlation between pulse wave reflection index and depressive disorders is not clearly established. The existing studies primarily focus on other cardiovascular parameters and their associations with depression, but do not specifically highlight the pulse wave reflection index as a significant marker in this context. Therefore, the association can be considered novel and potentially provides new insights into the understanding of how cardiovascular health may relate to mental health conditions like depression.",1,"To determine if there is a plausible explanation for the association between the 'Pulse wave reflection index' and 'Depression or Depressive disorder', we need to consider the physiological mechanisms involved. Depression is often linked to autonomic dysregulation, which can affect cardiovascular function. Studies have shown that individuals with depression may exhibit altered autonomic reactivity, which can influence arterial stiffness and wave reflections. For instance, Document [0] discusses how reduced autonomic reactivity in depressed patients correlates with changes in pulse wave characteristics. Additionally, Document [5] highlights that mental stress can lead to increased arterial stiffness and wave reflections, suggesting a connection between psychological states and cardiovascular parameters. Given that the pulse wave reflection index is a measure of wave reflections in the arterial system, it is reasonable to hypothesize that changes in this index could be related to the physiological changes observed in depression. Therefore, the positive linear correlation of 0.001, while weak, could still indicate a relationship influenced by these underlying mechanisms. Thus, there is a plausible explanation for the relationship between pulse wave reflection index and depression based on the known interactions between cardiovascular health and mental health.",True,4,"The feature 'Pulse wave reflection index' in relation to predicting depression is interesting primarily due to its novelty. The existing literature does not extensively document this specific relationship, which suggests that it could provide new insights into the cardiovascular aspects of depression. While there is some indirect evidence linking mental stress and autonomic dysregulation with cardiovascular parameters, the specific focus on pulse wave reflection index as a predictor for depression is not well-established, making it a novel area of investigation. In terms of plausibility, the association is reasonable given the known interactions between cardiovascular health and mental health, particularly through mechanisms involving autonomic nervous system regulation and arterial stiffness. The plausible biological pathways support the potential validity of this association. However, the practical utility of this feature in clinical settings remains uncertain due to the weak correlation and the need for further research to establish its predictive power and clinical relevance. Overall, the combination of novelty and plausible biological mechanisms makes this feature interesting to researchers exploring the intersection of cardiovascular and mental health.",0.001,0.0,0.003,0.0,1.41,Pulse wave reflection index >= 1.60,True,"The association between the feature 'Pulse wave reflection index' and 'Depression OR Depressive disorder' is not directly related to the provided documents. The documents primarily focus on the etiology, pathophysiology, and prognosis of depression and depressive disorders, but do not explicitly mention the 'Pulse wave reflection index' as a risk factor or predictive feature for these conditions. However, the concept of arterial stiffness and its relationship to cardiovascular disease is discussed in Document [12] and [15], which might be indirectly related to the topic. Nevertheless, the direct connection between 'Pulse wave reflection index' and depression or depressive disorder is not explicitly stated in the provided documents.",(Depression) OR (Depressive disorder)
missing_Septal Deviations/Turbinate Hypertrophy,1,"The relationship between nasal septal deviations and turbinate hypertrophy is well-documented in the literature, particularly in the context of nasal obstruction and related conditions. However, the specific association between these anatomical features and depression or depressive disorders is not commonly discussed or established in the existing studies. While there is a known correlation between chronic nasal obstruction and various psychological conditions, including depression, the direct link between septal deviations/turbinate hypertrophy and depression is not explicitly covered in the provided documents. Therefore, this suggests that the association may be novel or not well-documented, providing new insights into how physical conditions affecting nasal airflow could potentially influence mental health. Thus, the feature is considered novel.",1,"The relationship between septal deviations, turbinate hypertrophy, and depression can be understood through the impact of nasal obstruction on quality of life. Nasal obstruction caused by these anatomical issues can lead to chronic discomfort, sleep disturbances, and reduced airflow, which may contribute to feelings of frustration, anxiety, and ultimately depression. The positive linear correlation of 0.002 suggests a weak but potentially meaningful association, indicating that as the severity of nasal obstruction increases, there may be a corresponding increase in depressive symptoms. This aligns with theories that link chronic physical health issues with mental health outcomes, particularly in cases where the physical condition significantly affects daily functioning and quality of life. Therefore, it is reasonable to conclude that there is a plausible explanation for the relationship between septal deviations/turbinate hypertrophy and depressive disorders.",True,4,"The feature 'Septal Deviations Turbinate Hypertrophy' in relation to predicting depression is interesting due to its novelty and plausibility. From a novelty perspective, while the relationship between nasal obstruction and psychological conditions is somewhat known, the specific link between septal deviations/turbinate hypertrophy and depression is not well-documented. This suggests that the feature could provide new insights into how physical conditions affecting nasal airflow might influence mental health, making it a novel area of exploration. In terms of plausibility, the feature makes logical sense as nasal obstruction can lead to chronic discomfort and sleep disturbances, which are known to contribute to depression. This aligns with existing theories that chronic physical health issues can impact mental health outcomes. Given these considerations, the feature is both novel and plausible, making it interesting to researchers and clinicians exploring the intersection of physical and mental health.",0.002,0.0,0.001,0.007,1.45,missing_Septal Deviations/Turbinate Hypertrophy < -4.30,True,"The feature 'Septal Deviations/Turbinate Hypertrophy' is related to respiratory issues and sleep disorders, which can lead to complications such as sleep apnea and pulmonary hypertension. These complications can have a negative impact on mental health, including increasing the risk of depression and depressive disorders. However, the direct association between 'Septal Deviations/Turbinate Hypertrophy' and 'Depression OR Depressive disorder' is not explicitly mentioned in the provided documents. The documents primarily focus on the effects of respiratory issues on cardiovascular health and the potential complications that can arise from these conditions. While there is an indirect link between respiratory issues and mental health, the specific relationship between 'Septal Deviations/Turbinate Hypertrophy' and 'Depression OR Depressive disorder' is not clearly established in the provided information.",(Depression) OR (Depressive disorder)
Cholelithiasis with other cholecystitis,1,"The association between cholelithiasis (gallstones) and cholecystitis (inflammation of the gallbladder) is well-documented in medical literature, as these conditions often occur together due to the obstruction of the gallbladder by stones. However, the connection between these conditions and depression or depressive disorders is less clear. While some studies suggest that chronic physical conditions, including those affecting the digestive system, can lead to increased rates of depression, the specific correlation between cholelithiasis with cholecystitis and depression is not widely established or documented. Therefore, if there is a positive correlation found in recent studies, it could be considered novel or provide new insights into the psychosomatic relationship between chronic physical illnesses and mental health. Thus, the association could be seen as novel, as it may not have been previously emphasized in the literature.",1,"Cholelithiasis (gallstones) and cholecystitis (inflammation of the gallbladder) are known to cause significant physical discomfort and can lead to surgical interventions such as cholecystectomy. Chronic pain and the stress associated with managing a chronic health condition can contribute to the development of depression or depressive disorders. Additionally, the impact of gallbladder disease on quality of life, including dietary restrictions and the fear of acute episodes, can further exacerbate feelings of anxiety and depression. Therefore, it is plausible to consider that there is a relationship between cholelithiasis with other cholecystitis and depression, as the physical and psychological burdens of these conditions can interact. The positive linear correlation of 0.001, while weak, suggests that there may be some association, albeit not strong. Overall, the mechanisms linking chronic physical health issues to mental health outcomes support the idea that this relationship could be valid.",True,4,"The feature 'Cholelithiasis with other cholecystitis' in relation to predicting depression is somewhat novel because while the association between physical conditions and mental health is generally known, the specific link between gallbladder issues and depression is not widely documented. This could provide new insights into the psychosomatic relationships between chronic illnesses and mental health, which is a relatively underexplored area. In terms of plausibility, the association makes logical sense. Chronic pain and discomfort from gallbladder diseases can lead to stress and anxiety, which are known risk factors for depression. Therefore, the feature is plausible based on known mechanisms linking physical and mental health. The feature's usefulness could be in highlighting the importance of monitoring mental health in patients with chronic gallbladder conditions, potentially leading to better integrated care approaches. However, the weak correlation suggests that while the feature is interesting, it may not be highly impactful on its own. Overall, the feature is interesting due to its potential to uncover new insights and its plausible connection to depression.",0.001,0.001,0.001,0.0,1.69,-22.00 <= Cholelithiasis with other cholecystitis < -6.00,True,"The association between 'Cholelithiasis with other cholecystitis' and 'Depression OR Depressive disorder' is not directly related. Cholelithiasis with other cholecystitis is a gastrointestinal condition, while depression is a mental health disorder. The two conditions have different underlying causes and risk factors. Cholelithiasis with other cholecystitis is related to gallstones and inflammation of the gallbladder, whereas depression is associated with genetic, biological, and environmental factors. There is no established link between the two conditions. Therefore, the association is not well known or explained by existing knowledge.",(Depression) OR (Depressive disorder)
missing_Hallux valgus (Bunion),1,"The association between hallux valgus (bunion) and depression or depressive disorder is not well-documented in the current literature. While there are studies that discuss the impact of foot disorders on quality of life and mental health, the specific correlation between hallux valgus and depression has not been extensively explored. Therefore, this association could be considered novel as it may provide new insights into how physical conditions like bunions can affect mental health, which has not been a primary focus in existing research. Thus, it does not contradict established understanding but rather adds a new dimension to the discussion of how physical ailments can influence psychological well-being.",1,"Hallux valgus, commonly known as a bunion, is a foot deformity that can lead to significant pain and discomfort, particularly when wearing shoes. This chronic pain can affect a person's mobility and quality of life, potentially leading to feelings of frustration, helplessness, and social withdrawal. These factors can contribute to the development of depression or depressive disorders. Additionally, the physical limitations imposed by hallux valgus may lead to reduced participation in social activities, further exacerbating feelings of isolation and depression. Therefore, while the linear correlation is neutral, the underlying mechanisms of chronic pain and reduced quality of life provide a plausible explanation for a relationship between hallux valgus and depression. Thus, it makes sense to associate hallux valgus with depression based on these mechanisms.",True,4,"1. **Novelty:** The association between hallux valgus and depression is not well-documented, making it a novel area of exploration. While foot disorders and their impact on quality of life have been studied, the specific link to depression is less explored, adding a new dimension to understanding the psychological effects of physical ailments.

2. **Plausibility:** The plausibility of this association is supported by the understanding that chronic pain and discomfort from hallux valgus can lead to decreased mobility and social withdrawal, which are risk factors for depression. The psychological impact of living with a painful condition can logically contribute to depressive symptoms, making the association plausible.

3. **Usefulness:** While the feature's correlation is neutral, the potential insight it provides could be useful for clinicians in understanding the broader impacts of physical health on mental well-being. It could inform holistic treatment approaches that address both physical and mental health aspects.

Overall, the feature is interesting due to its novelty and plausible connection between physical and mental health, warranting further investigation despite the neutral correlation.",0.0,0.0,0.0,0.013,1.36,missing_Hallux valgus (Bunion) < -3.60,True,"Hallux valgus (bunion) is a condition that affects the foot, specifically the big toe, and is characterized by a bony growth or deformity. While it can cause pain and discomfort, it is not directly related to depression or depressive disorders. The documents provided do not mention any correlation between hallux valgus and depression or depressive disorders. In fact, the documents focus on various risk factors for depression, including genetic, biological, psychological, and social factors, but do not include hallux valgus as a risk factor. Therefore, the association between the feature 'Hallux valgus (Bunion)' and 'Depression OR Depressive disorder' is not well known or explained by existing knowledge.",(Depression) OR (Depressive disorder)
missing_Other open wound of head and face,1,"The association between 'Other open wound of head and face' and 'Depression OR Depressive disorder' suggests a potential link between physical injuries and mental health outcomes. While there is existing literature that discusses the psychological impact of physical injuries, including chronic pain and trauma leading to depression, the specific correlation between this type of wound and depression is not extensively documented. The presence of chronic pain and the psychological burden of facial injuries could contribute to depressive symptoms, but the direct association may not be widely recognized or explored in depth. Therefore, this feature could be considered novel as it highlights a specific aspect of how physical injuries may relate to mental health, which may not have been thoroughly investigated in the existing literature. This suggests that it provides new insights into the relationship between physical trauma and mental health, particularly in the context of head and facial injuries. Thus, the answer is A.",1,"To determine if there is a plausible explanation for the association between 'Other open wound of head and face' and 'Depression OR Depressive disorder', we need to consider the known mechanisms linking physical injuries to mental health outcomes. Open wounds, particularly on the head and face, can lead to significant physical trauma, which may result in chronic pain, disfigurement, and psychological distress. These factors can contribute to the development of depression or exacerbate existing depressive symptoms. Additionally, the psychological impact of visible injuries can lead to social stigma, isolation, and a decrease in quality of life, all of which are risk factors for depression. The positive linear correlation of 0.002, while weak, suggests a potential relationship that could be explored further. Therefore, it is reasonable to conclude that there is a plausible explanation for this relationship based on the interplay between physical trauma and mental health.",True,4,"1. **Novelty:** The feature 'Other open wound of head and face' as a predictor for depression is somewhat novel. While the psychological impact of physical injuries is documented, the specific focus on open wounds of the head and face is not extensively explored in the literature. This suggests a novel angle, particularly in highlighting how visible injuries might uniquely contribute to mental health issues due to factors like disfigurement and social stigma.

2. **Plausibility:** The association is plausible. Physical trauma, especially to visible areas like the head and face, can lead to chronic pain, disfigurement, and psychological distress, all of which are known contributors to depression. The social and psychological impact of such injuries can exacerbate depressive symptoms, making the association logical.

3. **Usefulness:** While the correlation is weak, the feature could still be useful in clinical settings to identify individuals at risk of depression following facial injuries. It might inform post-injury psychological assessments or interventions to mitigate the risk of depression.

Overall, the feature is interesting due to its novelty and plausible connection to depression, offering a specific insight into the relationship between physical trauma and mental health.",0.002,0.0,0.001,0.007,1.66,missing_Other open wound of head and face < -5.40,False,"The feature 'Other open wound of head and face' is related to the development of depression and depressive disorder. This is because traumatic events such as head injuries can be a risk factor for the development of depression. The relationship between head injuries and depression is well established in the medical literature. Furthermore, the presence of an open wound of the head and face can be a traumatic event that triggers the development of depression. Therefore, the association between this feature and the target disease is well known and is part of the known risk factors.",(Depression) OR (Depressive disorder)
"Other diseases of respiratory system, NEC",1,"The association between respiratory diseases and depression is documented in various studies, indicating that respiratory conditions can lead to increased rates of depression due to the chronic nature of these illnesses and their impact on quality of life. However, the specific correlation between 'Other diseases of respiratory system, NEC' and 'Depression OR Depressive disorder' is less commonly discussed. While respiratory diseases are known to be associated with depression, the specific mention of NEC (Necrotizing Enterocolitis) as a respiratory condition is not standard, as NEC primarily affects the gastrointestinal system. Therefore, while there is a general understanding of respiratory diseases being linked to depression, the specific association with NEC may not be well-documented or widely recognized in current literature. This suggests that the feature may provide new insights or highlight a less explored area of research. Thus, it can be considered novel.",1,"To determine if there is a plausible explanation for the association between 'Other diseases of respiratory system, NEC' and 'Depression OR Depressive disorder', we need to consider the known mechanisms linking respiratory diseases and mental health. Chronic respiratory diseases can lead to decreased oxygenation and increased physical stress, which may contribute to feelings of anxiety and depression. Additionally, the experience of chronic illness often leads to psychological distress, which can manifest as depression. The linear correlation of 0.001 suggests a very weak relationship, but it does not negate the potential for a connection based on the impact of respiratory health on overall well-being. Therefore, it is reasonable to conclude that there is a plausible explanation for this relationship, even if the correlation is weak.",True,3,"1. **Novelty:** The feature 'Other diseases of respiratory system, NEC' in relation to depression is somewhat novel. While the connection between respiratory diseases and depression is documented, the specific categorization of 'NEC' as a respiratory condition is unusual, as NEC typically refers to a gastrointestinal condition. This misclassification or novel categorization might indicate an area not well-explored in existing literature, thus adding an element of novelty.

2. **Plausibility:** The plausibility of this feature is questionable due to the potential misclassification or misunderstanding of 'NEC'. However, if we consider 'NEC' as a placeholder for other unspecified respiratory conditions, the association with depression could be plausible. Chronic respiratory issues can lead to psychological distress, which aligns with known mechanisms linking physical and mental health.

3. **Usefulness:** The practical utility of this feature is limited unless the classification issue is resolved. If 'NEC' is indeed a misnomer, correcting this could lead to more accurate models and better understanding of the relationship between respiratory health and depression.

Overall, the feature is somewhat interesting due to its novelty and potential for uncovering misclassifications or new insights, but its plausibility is hindered by the classification issue.",0.001,0.0,0.002,0.0,2.48,"-7.10 <= Other diseases of respiratory system, NEC < -5.90",True,"The relationship between 'Other diseases of respiratory system, NEC' and 'Depression OR Depressive disorder' is not explicitly mentioned in the provided documents. However, we can infer that respiratory diseases can lead to complications such as respiratory acidosis, which can be a risk factor for depression. Additionally, the documents mention that respiratory depression is a side effect of opioid use, which can be a risk factor for depression. Furthermore, the documents also mention that chronic pain, which can be associated with respiratory diseases, is a risk factor for depression. Therefore, while the exact relationship is not explicitly stated, there is a plausible connection between respiratory diseases and depression through various mechanisms.",(Depression) OR (Depressive disorder)
Basophill count,1,"The relationship between basophil count and depression is explored in several documents. Document [1] discusses a negative correlation between basophil counts and anxiety in patients with major depressive disorder, suggesting that lower basophil counts may be associated with anxious depression. Document [8] indicates that treatment for major depressive disorder affects various blood parameters, including basophil counts, but does not establish a direct correlation with depression itself. Document [17] highlights that basophil count is one of the important features in classifying depression, indicating some level of association. However, the overall understanding of the relationship between basophil count and depression is not extensively documented or established as a clear correlation in the literature. Therefore, while there are some insights, the association is not well-documented and could be considered novel or surprising in the context of existing knowledge.",0,"To determine if there is a plausible explanation for the association between basophil count and depression, we need to consider the role of basophils in the immune system and their potential involvement in mood disorders. Basophils are known to play a role in allergic responses and inflammation, and there is evidence suggesting that inflammation is linked to depression. For instance, Document [1] discusses the role of inflammation in anxious depression, indicating that immune responses may influence mood disorders. Additionally, Document [8] highlights the impact of antidepressant treatment on blood parameters, including basophil counts, suggesting that these cells may be involved in the physiological changes associated with depression. However, the linear correlation of 0.002 indicates a very weak relationship, which raises questions about the strength and significance of this association. While there are mechanisms that could theoretically link basophil counts to depression through inflammation, the weak correlation suggests that this relationship may not be strong enough to be clinically relevant. Therefore, while there are some theoretical connections, the evidence does not strongly support a significant association. Thus, the answer is B: No, there is no plausible explanation for this relationship.",True,3,"1. **Novelty:** The relationship between basophil count and depression is not extensively documented in the literature. While there are some studies indicating a potential association, it is not a well-established or commonly known link. This suggests a degree of novelty, as it provides a new perspective on the biological factors that might influence depression.

2. **Plausibility:** Basophils are involved in immune responses, particularly in allergic reactions and inflammation. There is a growing body of evidence linking inflammation to mood disorders, including depression. This provides a plausible biological mechanism through which basophil count could be associated with depression. However, the correlation is very weak (0.002), which limits the strength of this association. Despite this, the theoretical link through inflammation does provide some plausibility.

3. **Usefulness:** If further research substantiates this association, basophil count could potentially be used as a biomarker for depression risk or as part of a broader panel of tests to assess inflammatory status in depressive disorders. However, given the current weak correlation, its immediate utility is limited.

Overall, the feature is somewhat interesting due to its novelty and plausible biological link, despite the weak statistical correlation. It warrants further investigation to determine its true significance and potential utility.",0.002,0.0,0.035,0.006,1.33,1.40 <= Basophill count < 20.00,True,"The feature 'Basophill count' is not directly related to the prediction of 'Depression OR Depressive disorder'. The provided documents do not mention any correlation between Basophill count and depression or depressive disorder. The documents focus on various risk factors, biological markers, and laboratory tests for diagnosing depression, but Basophill count is not mentioned as a relevant factor. Therefore, the association between Basophill count and depression or depressive disorder is not well known or explained by existing knowledge.",(Depression) OR (Depressive disorder)
Home area population density - urban or rural_England/Wales - Urban - less sparse,1,"The association between home area population density (specifically urban and less sparse areas) and depression is a topic that has been explored in various studies. Generally, urban areas are associated with higher stress levels and mental health issues due to factors like social isolation, noise, and pollution. However, the specific finding that there is a negative correlation between urban density and depression is less commonly documented. This suggests that individuals in less sparse urban areas may experience lower rates of depression, which could be surprising and may contradict the established understanding that urban living typically correlates with higher mental health issues. Therefore, this finding could be considered novel as it challenges the conventional view of urban environments being detrimental to mental health. Thus, it provides new insights into the relationship between urban density and mental health outcomes, particularly depression.",0,"To determine whether the feature 'Home area population density - urban or rural England/Wales - Urban - less sparse' can be associated with 'Depression OR Depressive disorder', we need to consider the context of urban living and its relationship with mental health. Urban areas, particularly those that are less sparse, often have higher population densities, which can lead to increased social interaction but also to stressors such as noise, overcrowding, and competition for resources. However, the negative correlation of -0.002 suggests that as population density increases, the incidence of depression does not significantly increase, indicating that other factors may be at play. Research has shown that urban environments can provide better access to mental health services and social support networks, which may mitigate the effects of density-related stressors. Additionally, the presence of community resources and social cohesion in urban settings can contribute positively to mental health outcomes. Therefore, while there are mechanisms that could explain a relationship between urban density and depression, the observed negative correlation suggests that the relationship is not straightforward and may be influenced by other factors. Thus, it is reasonable to conclude that there is no strong or clear plausible explanation for a direct association between urban density and depression based on the provided data.",True,3,"The feature 'Home area population density - urban or rural England/Wales - Urban - less sparse' is evaluated for its interest in predicting depression. 

1. **Novelty:** The feature presents a negative correlation between urban density and depression, which is contrary to the common understanding that urban environments typically exacerbate mental health issues due to factors like stress, noise, and social isolation. This finding is novel because it challenges the conventional view and suggests that higher urban density might be associated with lower depression rates, possibly due to better access to mental health services or social support networks.

2. **Plausibility:** While urban areas are often linked with mental health stressors, the negative correlation could be plausible if one considers the potential benefits of urban living, such as access to healthcare, social services, and community engagement. However, the correlation is weak (-0.002), indicating that the relationship is not straightforward and may be influenced by other unmeasured factors. This weak correlation suggests that the feature might not be highly plausible on its own without considering additional contextual factors.

3. **Usefulness:** The feature could have practical implications if it leads to a better understanding of how urban environments can be structured to support mental health. However, given the weak correlation, its immediate utility in clinical or policy settings might be limited.

Overall, the feature is interesting due to its novelty and potential to challenge existing paradigms, but its weak correlation and lack of strong plausible mechanisms reduce its impact.",-0.002,0.0,0.011,0.073,1.08,Home area population density - urban or rural_England/Wales - Urban - less sparse >= 0.50,True,"The relationship between home area population density and depression is not directly related to the feature 'Home area population density - urban or rural England Wales - Urban - less sparse'. The provided information does not explicitly state that this feature is a risk or protective factor for depression. However, it is mentioned that depression is more prevalent in rural areas than in urban areas. This suggests that the relationship between population density and depression is more complex and may involve other factors such as access to healthcare, social support, and environmental factors. Therefore, the association between this feature and depression is not well known or explained by existing knowledge.",(Depression) OR (Depressive disorder)
Microalbumin in urine,1,"The association between microalbumin in urine and depression or depressive disorder is not well-documented in the current literature. While microalbuminuria is known to be a marker for various health conditions, including cardiovascular diseases and kidney dysfunction, its direct correlation with depression is not established. The existing documents primarily focus on microalbuminuria in the context of diabetes, kidney disease, and cardiovascular health, without significant mention of its relationship with depression. Therefore, the potential link between microalbumin levels in urine and depressive disorders could be considered novel, as it has not been widely explored or recognized in the existing body of research. This suggests that further investigation could provide new insights into the relationship between renal function and mental health, which is not currently well understood. Thus, the feature is novel.",0,"Microalbuminuria is often associated with various systemic conditions, particularly those affecting kidney function and cardiovascular health. While there is a well-established link between microalbuminuria and diabetes, hypertension, and cardiovascular diseases, the connection between microalbumin in urine and depression is less direct. Depression can influence physical health, potentially leading to conditions that may cause microalbuminuria, such as poor lifestyle choices or increased stress levels affecting kidney function. However, the literature does not provide a clear, direct biological mechanism linking microalbuminuria specifically to depression or depressive disorders. Therefore, while there may be indirect associations, there is no strong, established mechanism that directly connects microalbumin in urine with depression. Thus, the answer is B, as there is no plausible explanation for this relationship based on current understanding.",True,3,"The feature 'Microalbumin in urine' is considered novel in the context of predicting depression, as there is limited existing literature directly linking microalbuminuria with depressive disorders. This novelty arises from the fact that microalbuminuria is typically associated with conditions like diabetes, kidney disease, and cardiovascular issues, rather than mental health conditions. The novelty score is bolstered by the potential for this feature to open new avenues of research into the relationship between renal health and mental health, which is not currently well understood. However, the plausibility of this feature is low, as there is no well-established biological mechanism or pathway that directly connects microalbuminuria with depression. While depression can impact physical health and potentially lead to conditions that might cause microalbuminuria, such as through stress or lifestyle factors, these are indirect associations. Without a strong, direct biological link, the plausibility remains weak. Given these considerations, the feature is interesting primarily due to its novelty and the potential for further research, but its current practical utility and plausibility are limited.",0.0,0.0,0.008,0.0,1.7,Microalbumin in urine >= 11.00,True,"The feature 'Microalbumin in urine' is not directly related to the prediction of depression or depressive disorder. The documents provided do not mention microalbumin in urine as a risk factor or protective factor for depression or depressive disorder. The laboratory studies mentioned in the documents include complete blood cell count, thyroid-stimulating hormone, vitamin B-12, rapid plasma reagin, HIV test, electrolytes, blood urea nitrogen, creatinine, liver function tests, blood alcohol level, and blood and urine toxicology screen, but not microalbumin in urine. Therefore, the association between the feature 'Microalbumin in urine' and 'Depression OR Depressive disorder' is not well known or explained by existing knowledge.",(Depression) OR (Depressive disorder)
(CD) crohn's disease genetic risk,1,"The association between Crohn's disease (CD) genetic risk and depression is not well-documented in the provided documents. While Crohn's disease is linked to various psychological disorders, including depression, the specific relationship between genetic risk factors for CD and depression is less clear. The documents primarily discuss the genetic predisposition to Crohn's disease and its immune-related aspects, but do not extensively cover how these genetic factors correlate with depression. Therefore, the assertion that there is a negative correlation between CD genetic risk and depression is not established in the literature provided. This suggests that the relationship may be novel or at least not well-explored, indicating potential for new insights into the interplay between genetic risk for Crohn's disease and psychological outcomes. Thus, the answer is A.",0,"Crohn's disease (CD) is a chronic inflammatory condition that has a significant genetic component, with various genes associated with its pathogenesis. Depression and anxiety are common comorbidities in patients with Crohn's disease, likely due to the chronic nature of the illness, its impact on quality of life, and the stress associated with managing a chronic disease. However, the linear correlation of -0.001 suggests that there is no strong direct relationship between genetic risk factors for Crohn's disease and the incidence of depression. This weak correlation may indicate that while both conditions can coexist, the genetic predisposition for Crohn's disease does not necessarily imply a genetic predisposition for depression. The mechanisms linking the two may be more environmental or psychosocial rather than purely genetic. Therefore, while there are known associations between Crohn's disease and depression, the specific genetic risk for Crohn's disease does not provide a strong basis for a direct link to depression. Thus, the answer is B, as the weak correlation does not support a plausible explanation for a direct relationship between the two.",True,3,"The feature 'CD Crohn's disease genetic risk' in relation to predicting depression is intriguing due to its novelty. The literature does not extensively cover the genetic link between Crohn's disease and depression, making this a potentially new area of exploration. However, the plausibility of this feature is questionable. While Crohn's disease is often associated with depression due to its chronic nature and impact on quality of life, the genetic risk for Crohn's disease itself does not logically imply a genetic predisposition to depression. The weak negative correlation further suggests that the relationship might not be biologically significant, and could be influenced by other factors such as environmental or psychosocial elements. Despite the novelty, the lack of a strong plausible mechanism reduces its overall interest. Therefore, while the feature is somewhat novel, its practical utility and biological plausibility are limited, making it moderately interesting but not groundbreaking.",-0.001,0.0,0.007,0.0,1.25,-0.96 <= (CD) crohn's disease genetic risk < -0.95,True,"The relationship between Crohn's disease genetic risk and depression is not directly established in the provided documents. However, the documents do mention that genetic factors play a role in both Crohn's disease and depression, and that certain genetic variants can increase the risk of developing both conditions. While there is no direct correlation between Crohn's disease genetic risk and depression, the genetic factors that contribute to Crohn's disease may also contribute to an increased risk of depression. This is because both conditions share some common underlying genetic and immunological mechanisms. Therefore, the association between the feature 'CD crohn's disease genetic risk' and 'Depression OR Depressive disorder' is not well known or explained by existing knowledge.",(Depression) OR (Depressive disorder)
missing_Diverticulosis,1,"The question asks whether the association between 'Diverticulosis' and 'Depression OR Depressive disorder' is novel or well-documented. To determine this, we need to consider existing literature on both conditions. While diverticulosis is primarily a gastrointestinal condition, its potential psychological impacts, including associations with depression, are not extensively covered in the provided documents. The documents focus more on established links between depression and various other factors, such as neurobiology, genetics, and treatment mechanisms, but do not mention diverticulosis. Therefore, if there is a positive correlation between diverticulosis and depression, it could be considered novel or surprising, as it is not a commonly discussed association in the current literature. Thus, it suggests that this relationship may provide new insights into the understanding of depression and its comorbidities. Hence, the answer is A.",0,"Diverticulosis is a condition characterized by the formation of pouches in the colon wall, which can lead to complications such as diverticulitis. While there is no direct evidence linking diverticulosis to depression, there are several indirect mechanisms that could explain a potential association. Chronic physical health conditions, including gastrointestinal disorders like diverticulosis, can lead to increased stress, anxiety, and depressive symptoms due to the impact on quality of life, pain, and dietary restrictions. Additionally, inflammation has been implicated in both diverticulosis and depression, suggesting a possible shared pathway. However, the linear correlation of 0.002 indicates a very weak relationship, suggesting that while there may be some connection, it is not strong enough to draw definitive conclusions. Therefore, while there are plausible mechanisms that could explain a relationship, the weak correlation suggests that it may not be clinically significant. Thus, the answer is B, as the correlation is too weak to support a strong association.",True,3,"1. **Novelty:** The association between diverticulosis and depression is not well-documented in existing literature, making it a potentially novel finding. Most research on depression focuses on neurobiological, genetic, and psychosocial factors, with less emphasis on gastrointestinal conditions like diverticulosis. This lack of coverage suggests that the feature could provide new insights into the comorbidities of depression.

2. **Plausibility:** There are plausible mechanisms that could explain a link between diverticulosis and depression. Chronic gastrointestinal conditions can lead to stress and anxiety due to their impact on quality of life, which in turn can contribute to depressive symptoms. Additionally, inflammation is a common factor in both conditions, suggesting a possible shared biological pathway. However, the correlation is very weak (0.002), indicating that while a connection might exist, it is not strong enough to be clinically significant.

3. **Overall Interest:** Given the novelty and the plausible, albeit weak, connection, this feature could be of interest to researchers exploring new avenues in depression research, particularly those interested in the gut-brain axis. However, the weak correlation tempers the overall interest, as it suggests limited clinical applicability without further investigation.

Considering these points, the feature is somewhat interesting due to its novelty and potential to open new research directions, but the weak correlation limits its immediate impact or utility.",0.002,0.0,0.003,0.025,1.3,missing_Diverticulosis < -1.50,True,"The feature'missing_Diverticulosis' is not mentioned in any of the provided documents as a risk factor or associated with the target disease 'Depression OR Depressive disorder'. The documents discuss various risk factors for depression, including genetic factors, neurodegenerative diseases, stroke, multiple sclerosis, seizure disorders, cancer, macular degeneration, and chronic pain, but diverticulosis is not mentioned. Therefore, the association between 'Diverticulosis' and 'Depression OR Depressive disorder' is not well known or explained by existing knowledge.",(Depression) OR (Depressive disorder)
Skin colour_Fair,1,"The association between skin color and depression is a complex topic that has been explored in various studies. While there is some evidence suggesting that individuals with fair skin may experience different social pressures or stigmas that could contribute to mental health issues, the direct correlation between 'Skin colour Fair' and 'Depression OR Depressive disorder' is not widely documented in the literature. Most existing research tends to focus on broader social determinants of health, including socioeconomic status and access to care, rather than skin color specifically. Therefore, if a positive correlation is found between fair skin and depression, it could be considered novel or surprising, as it may not align with the established understanding that primarily emphasizes other factors. This suggests that the feature could provide new insights into the relationship between physical appearance and mental health, particularly in the context of social stigma and psychological well-being. Thus, the conclusion is that this association is likely novel and provides new insights into the understanding of depression.",0,"The question asks whether there is a plausible explanation for a positive correlation of 0.003 between 'Skin colour Fair' and 'Depression OR Depressive disorder'. While the correlation is very weak, it is important to consider the broader context of how skin color may relate to mental health. Research has shown that individuals with lighter skin may experience different social dynamics, including potential stigmatization or privilege, which could influence mental health outcomes. However, the correlation is so low that it suggests that skin color alone is not a significant factor in depression. Additionally, the documents provided do not establish a direct link between skin color and depression, nor do they suggest mechanisms that would support a strong relationship. Therefore, while there may be some social factors at play, the evidence does not strongly support a plausible explanation for this relationship. Thus, the answer is B.",True,3,"The feature 'Skin colour Fair' as a predictor for depression or depressive disorders is intriguing primarily due to its novelty. While there is some literature suggesting that skin color might influence social dynamics and potentially mental health, the direct link between fair skin and depression is not well-documented. This makes the feature novel, as it could provide new insights into how physical appearance might affect mental health, possibly through social or psychological mechanisms. However, the plausibility of this association is weak. The correlation is very low (0.003), suggesting that skin color alone is unlikely to be a significant factor in depression. Most established risk factors for depression include genetic, environmental, and psychological components, rather than physical traits like skin color. Therefore, while the novelty of the feature might catch the interest of researchers looking for unexplored or unconventional predictors, its practical utility and biological plausibility are limited. Given these considerations, the feature is somewhat interesting due to its novelty, but not strongly so due to the lack of plausible mechanisms and low correlation strength.",0.003,0.0,0.0,0.072,1.05,Skin colour_Fair < 0.50,True,"The feature 'Skin colour Fair' is not mentioned in any of the provided documents as a risk factor or protective factor for depression or depressive disorder. The documents discuss various biological, social, psychological, and genetic factors that contribute to the development of depression, but skin color is not mentioned. Therefore, the association between 'Skin colour Fair' and 'Depression OR Depressive disorder' is not well known or explained by existing knowledge.",(Depression) OR (Depressive disorder)
missing_Polyp of corpus uteri,1,"The association between 'Polyp of corpus uteri' and 'Depression OR Depressive disorder' is not well-documented in the current literature. While there are studies that discuss various factors related to corpus uteri cancer and its implications, the specific relationship between polyps in the corpus uteri and depression has not been extensively explored. The negative correlation mentioned suggests that the presence of polyps may be associated with lower rates of depression, which is not a commonly discussed or established understanding in the literature. Therefore, this association could be considered novel as it provides new insights into the potential interplay between gynecological health and mental health, which has not been thoroughly investigated. Thus, it contradicts the established understanding that often does not link these two conditions directly. Hence, the answer is A.",0,"To determine if there is a plausible explanation for the relationship between 'Polyp of corpus uteri' and 'Depression OR Depressive disorder', we need to consider the biological and psychological mechanisms that could link these two conditions. Polyps in the corpus uteri are typically benign growths that can cause symptoms such as abnormal bleeding, which may lead to psychological stress or anxiety in affected individuals. However, the linear correlation of -0.001 suggests that there is virtually no relationship between the presence of polyps and the incidence of depression. This weak correlation indicates that the presence of polyps does not significantly influence depressive symptoms or disorders. Furthermore, while chronic health conditions can contribute to mental health issues, the specific nature of polyps does not inherently suggest a direct link to depression. Therefore, based on the available information and the lack of a significant correlation, it seems that there is no strong or plausible mechanism that would explain a relationship between these two conditions. Thus, the answer is B.",True,3,"The feature 'Polyp of corpus uteri' in relation to depression is intriguing primarily due to its novelty. There is limited literature exploring the direct relationship between uterine polyps and depression, making this association relatively unexplored and potentially novel. The negative correlation suggests that the presence of polyps might be linked to lower rates of depression, which is counterintuitive and not widely documented. This novelty could spark interest in further research to explore any underlying mechanisms or confounding factors that could explain this association. However, from a plausibility standpoint, there is no clear biological or psychological mechanism that directly links uterine polyps to depression. Polyps are benign growths that might cause physical symptoms, but these do not inherently suggest a protective effect against depression. The lack of a strong correlation (-0.001) further weakens the plausibility of a direct relationship. Despite the novelty, the practical utility of this feature is limited without a plausible explanation or significant correlation. Therefore, while the feature is novel and might warrant further investigation, its immediate interest is moderate due to the lack of plausibility and practical application.",-0.001,0.0,0.0,0.013,1.25,missing_Polyp of corpus uteri < -3.30,True,"The feature'missing Polyp of corpus uteri' is not directly related to the prediction of 'Depression OR Depressive disorder'. The provided documents do not mention any correlation between polyps of the corpus uteri and depression or depressive disorders. The documents primarily focus on various risk factors, genetic and environmental factors, and biological markers associated with depression, but do not include polyps of the corpus uteri as a risk factor. Therefore, the association between the feature 'Polyp of corpus uteri' and 'Depression OR Depressive disorder' is not well known or explained by existing knowledge.",(Depression) OR (Depressive disorder)
missing_(EOC) epithelial ovarian cancer genetic risk,1,"The association between genetic risk factors for epithelial ovarian cancer (EOC) and depression or depressive disorders is not well-documented in the current literature. While there are established links between various genetic factors and EOC, the specific relationship between EOC genetic risk and depression is not commonly discussed. The negative correlation mentioned suggests that as genetic risk for EOC increases, the incidence of depression may decrease, which is counterintuitive and not aligned with typical findings in cancer research where psychological distress is often associated with cancer diagnoses. Therefore, this association could be considered novel and may provide new insights into the interplay between genetic predisposition to cancer and mental health outcomes. Thus, the answer is A.",0,"To determine if there is a plausible explanation for the relationship between 'EOC epithelial ovarian cancer genetic risk' and 'Depression OR Depressive disorder', we need to consider the known mechanisms linking cancer and mental health. Research indicates that cancer patients, including those with EOC, often experience psychological distress, including depression, due to the stress of diagnosis, treatment, and the impact of the disease on quality of life. However, the negative correlation of -0.001 suggests that as genetic risk for EOC increases, the incidence of depression does not necessarily increase, indicating a lack of direct association. While there are theories that suggest a link between genetic predisposition to cancer and mental health outcomes, the specific negative correlation here implies that the relationship may not be straightforward or significant. Therefore, while there are general theories about cancer and depression, the specific data provided does not support a strong or plausible explanation for this relationship.",True,3,"The feature 'EOC epithelial ovarian cancer genetic risk' negatively correlating with depression is interesting primarily due to its novelty. The literature does not commonly discuss a direct genetic risk factor for EOC reducing the likelihood of depression, making this association novel. Typically, cancer risk is associated with increased psychological distress, so this negative correlation is counterintuitive and not trivially explainable by existing known features. However, the plausibility of this relationship is questionable. There is no well-established biological or psychological mechanism that would directly link increased genetic risk for EOC to a decreased risk of depression. This lack of a clear mechanistic explanation reduces the plausibility of the finding. Despite this, the novelty of the association makes it worth exploring further, as it could uncover new insights into the interplay between genetic risks for physical health conditions and mental health outcomes. Thus, the feature is moderately interesting due to its novelty, despite the low plausibility.",-0.001,0.0,0.0,0.013,1.25,missing_(EOC) epithelial ovarian cancer genetic risk >= 2.60,True,"The relationship between epithelial ovarian cancer genetic risk and depression is not directly related. Epithelial ovarian cancer is a type of cancer that affects the ovaries, while depression is a mental health disorder. The risk factors for epithelial ovarian cancer include genetic mutations, family history, and certain lifestyle factors, whereas depression is associated with genetic, environmental, and psychological factors. There is no established link between the two conditions. The provided documents do not suggest a correlation between epithelial ovarian cancer genetic risk and depression.",(Depression) OR (Depressive disorder)
Alanine aminotransferase,1,"The relationship between alanine aminotransferase (ALT) and depression or depressive disorders is not well-documented in the literature. While ALT is primarily known as a liver enzyme and is often used as a biomarker for liver health, its correlation with mental health conditions like depression is less explored. The existing documents do not provide substantial evidence linking ALT levels directly to depressive disorders, suggesting that this association may be novel or not widely recognized. Therefore, it could be considered as providing new insights into the potential interplay between liver function and mental health, which is not a commonly discussed topic in current biomedical literature. Thus, the conclusion is that this association is novel.",0,"Alanine aminotransferase (ALT) is primarily associated with liver function and is a marker for liver health. While there is no direct established mechanism linking ALT levels to depression or depressive disorders, some indirect associations can be considered. For instance, liver dysfunction can lead to metabolic disturbances, which may affect neurotransmitter levels and brain function, potentially contributing to mood disorders. Additionally, chronic illnesses, including liver disease, can lead to psychological stress and depression. However, the linear correlation being neutral (0.0) suggests that there is no significant relationship observed in the data. Therefore, while there are some theoretical connections, they are not strong enough to establish a clear link between ALT and depression. Thus, the answer is B, as the lack of a significant correlation and the absence of a strong mechanism make it unlikely that ALT is associated with depression in a meaningful way.",True,3,"The feature 'Alanine aminotransferase (ALT)' in relation to depression is interesting primarily due to its novelty. ALT is traditionally associated with liver health, and its potential link to mental health conditions like depression is not well-documented. This suggests a novel area of investigation into the interplay between liver function and mental health, which is not commonly explored. While the correlation is neutral, indicating no strong direct relationship, the novelty lies in the unexplored potential mechanisms, such as the impact of liver dysfunction on metabolic processes that could influence mood disorders. However, the plausibility of a direct link is weak, as there are no established biological pathways directly connecting ALT to depression. The theoretical connections, such as metabolic disturbances affecting neurotransmitter levels, are indirect and speculative. Therefore, while the feature is novel, its practical utility or strong biological plausibility is limited. Overall, the feature is interesting due to its novelty, but the lack of a significant correlation and clear biological mechanism limits its overall impact.",0.0,0.015,0.006,0.0,1.59,-0.86 <= Alanine aminotransferase < -0.86,False,"The association between Alanine aminotransferase and Depression OR Depressive disorder is well known. Elevated levels of Alanine aminotransferase (ALT) are often associated with liver damage, which can be caused by excessive alcohol consumption, a known risk factor for depression. Additionally, liver function tests, including ALT, are commonly used to evaluate the severity of liver disease, which can be a comorbidity with depression. Furthermore, the Diagnostic and Statistical Manual of Mental Disorders (DSM-5) criteria for depression do not include laboratory tests, but liver function tests, including ALT, can help exclude medical illnesses that may present as major depressive disorder. Therefore, the association between Alanine aminotransferase and Depression OR Depressive disorder is well known and is part of known risk factors.",(Depression) OR (Depressive disorder)
Urate,0,"The association between urate levels and depression has been explored in various studies. Document [21] indicates that low levels of serum urate are associated with a higher prevalence of depression in older adults, suggesting a potential protective role of urate against depressive symptoms. This finding aligns with the understanding that urate acts as an antioxidant, particularly in the central nervous system. However, Document [8] presents evidence that genetically predicted serum urate levels do not have a causal effect on the risk of major depressive disorder or other psychiatric conditions. This indicates that while there may be an association, it is not necessarily causal or well-established. Therefore, the relationship between urate and depression is complex and not fully understood, suggesting that it is not entirely novel but rather an area of ongoing research. Thus, the association does not contradict established understanding but rather adds nuance to it. Overall, the evidence suggests that while there is a correlation, the understanding of this relationship is still developing, and it does not provide entirely new insights that contradict previous knowledge.",1,"The relationship between urate levels and depression is complex and has been explored in various studies. While some research suggests that low levels of serum urate are associated with a higher prevalence of depression, particularly in older adults, other studies indicate that urate may have neuroprotective properties due to its antioxidant effects. The linear correlation of 0.002 suggests a very weak association, which may not be clinically significant. However, the existing literature indicates that low urate levels could potentially contribute to neuropsychiatric disorders, including depression, due to their role in oxidative stress and neuroinflammation. Therefore, while the correlation is weak, there is some evidence to suggest a plausible mechanism linking urate levels to depressive disorders, particularly through the lens of neuroprotection and oxidative stress. Thus, it can be concluded that there is a plausible explanation for this relationship, albeit weakly supported by the correlation data.",True,3,"The feature 'Urate' in relation to depression is interesting for several reasons. Firstly, the novelty aspect is moderate; while the association between urate levels and depression has been explored, it is not fully understood and remains an area of ongoing research. This suggests that there is still room for new insights and further exploration, particularly given the conflicting evidence regarding the causal relationship. Secondly, the plausibility of the association is supported by the role of urate as an antioxidant and its potential neuroprotective effects, which could logically link it to depressive symptoms through mechanisms involving oxidative stress and neuroinflammation. Despite the weak correlation, the plausible biological mechanisms provide a reasonable basis for the association. Lastly, the potential utility of this feature could be significant in clinical settings, as understanding urate's role might inform interventions or treatments for depression, especially in populations with varying urate levels. Overall, while not groundbreaking, the feature is interesting enough to warrant further investigation due to its plausible biological basis and potential clinical implications.",0.002,0.0,0.008,0.0,1.45,Urate < -2.10,False,"The association between the feature 'Urate' and 'Depression OR Depressive disorder' is well known. According to Document [0], psoriasis leads to elevated uric acid production, and patients with CKD experience reduced urate excretion, resulting in hyperuricemia and an increased risk of incident gout. Additionally, Document [8] states that depression can aggravate medical comorbidities such as diabetes, hypertension, chronic obstructive pulmonary disease, and coronary artery disease, which are also related to uric acid levels. Furthermore, Document [11] mentions the monoamine hypothesis of depression, which suggests that depression is related to a deficiency in the amount or function of cortical and limbic serotonin (5-HT), norepinephrine (NE), and dopamine (DA), but does not directly relate to uric acid levels. However, the connection between uric acid and depression is not explicitly stated in the provided documents, but it can be inferred that high uric acid levels may be a risk factor for depression due to its association with other medical conditions that can lead to depression.",(Depression) OR (Depressive disorder)
(MEL) melanoma genetic risk,1,"The association between '(MEL) melanoma genetic risk' and 'Depression OR Depressive disorder' is not well-documented in the current literature. While there are established links between various genetic factors and both melanoma and depression separately, the specific correlation between melanoma genetic risk and depression has not been extensively explored or established as a significant relationship. Therefore, this association can be considered novel as it has not been a primary focus of research and does not contradict existing knowledge but rather opens up new avenues for investigation. Thus, it is reasonable to conclude that this feature provides new insights into the potential interplay between these two conditions.",1,"To determine if there is a plausible explanation for the association between '(MEL) melanoma genetic risk' and 'Depression OR Depressive disorder', we need to consider the known mechanisms linking cancer and depression. Research indicates that individuals with cancer, including melanoma, often experience higher rates of depression due to the psychological burden of the diagnosis, treatment side effects, and the impact of chronic illness on quality of life. Additionally, genetic factors may play a role in both conditions, as certain genetic predispositions can influence both cancer susceptibility and mood disorders. However, the linear correlation being neutral (0.0) suggests that there is no direct statistical relationship observed in the data. Despite this, the shared genetic and environmental risk factors, as well as the psychological impact of cancer, provide a plausible mechanism for a relationship between melanoma genetic risk and depression. Therefore, it can be concluded that there is a plausible explanation for this relationship.",False,2,"The feature '(MEL) melanoma genetic risk' in relation to predicting 'Depression OR Depressive disorder' is considered novel because there is limited existing literature directly linking melanoma genetic risk with depression. While both melanoma and depression have genetic components, the specific intersection of melanoma genetic risk and depression is not a well-established area of study, thus presenting an opportunity for new research avenues. However, the plausibility of this association is less clear. Although individuals with cancer diagnoses, including melanoma, often experience depression, this is typically due to the psychological and physical burden of the disease rather than a direct genetic link. The neutral correlation suggests no direct statistical relationship, which aligns with the lack of a clear biological mechanism linking melanoma genetic risk to depression. Despite the novelty, the lack of a strong plausible biological mechanism and the neutral correlation reduce the overall interest in this feature. It might be of some interest to researchers looking to explore new genetic intersections, but its practical utility and immediate relevance are limited.",0.0,0.227,0.002,0.0,1.25,-0.00 <= (MEL) melanoma genetic risk < 0.00,True,"The association between (MEL) melanoma genetic risk and Depression OR Depressive disorder is not directly related. While both are complex conditions, they are distinct and have different underlying causes and risk factors. Melanoma is a type of skin cancer caused by genetic, environmental, and immunological factors, whereas Depression OR Depressive disorder is a mental health condition influenced by biological, social, psychological, and spiritual factors. There is no established link between the genetic risk factors for melanoma and the development of Depression OR Depressive disorder. Therefore, the association is not well known or explained by existing knowledge.",(Depression) OR (Depressive disorder)
