feature_name,cui,cui_nomenclature,cui_def,KG_Hits,sim_score,feature_level_min_kg_hits,feature_level_sum_kg_hits,feature_level_avg_kg_hits,feature_importance,p_val,corr,MutualInfoTarget,raw_name,F.Split-Lift (y==1),F.Split-Support,F.Split-Feature Split,sim_score_target_feat,sim_score_target_cui,shortest_path_length,simple_path_length,norm_path_length
Triglycerides Blood biochemistry,C0041004,Triglycerides,Triglycerides. An ester formed from GLYCEROL and three fatty acid groups.,1,0.668,0.0,1.0,0.5,0.0273,0.0017,,0.0035,Triglycerides Blood biochemistry,1.05,11030,-0.50 <= Triglycerides Blood biochemistry < 2.30,0.16,0.16,1,288,0.1
Apolipoprotein A Blood biochemistry,C0003592,Apolipoproteins A,"Apolipoproteins A. Structural proteins of the alpha-lipoproteins (HIGH DENSITY LIPOPROTEINS), including APOLIPOPROTEIN A-I and APOLIPOPROTEIN A-II. They can modulate the activity of LECITHIN CHOLESTEROL ACYLTRANSFERASE. These apolipoproteins are low in atherosclerotic patients. They are either absent or present in extremely low plasma concentration in TANGIER DISEASE.",0,0.809,0.0,0.0,0.0,0.0236,0.0,,0.0059,Apolipoprotein A Blood biochemistry,1.11,3366,Apolipoprotein A Blood biochemistry < -0.84,0.17,0.17,2,184,1.06
Apolipoprotein A1,C0085201,Apolipoprotein A-I,"Apolipoprotein A-I. The most abundant protein component of HIGH DENSITY LIPOPROTEINS or HDL. This protein serves as an acceptor for CHOLESTEROL released from cells thus promoting efflux of cholesterol to HDL then to the LIVER for excretion from the body (reverse cholesterol transport). It also acts as a cofactor for LECITHIN CHOLESTEROL ACYLTRANSFERASE that forms CHOLESTEROL ESTERS on the HDL particles. Mutations of this gene APOA1 cause HDL deficiency, such as in FAMILIAL ALPHA LIPOPROTEIN DEFICIENCY DISEASE and in some patients with TANGIER DISEASE.",0,0.887,0.0,0.0,0.0,0.0202,0.0,,0.0031,Apolipoprotein A1,1.17,2036,-2.70 <= Apolipoprotein A1 < -1.10,0.13,0.13,2,153,0.18
Mental health conditions ever diagnosed by a professional group,,,,0,1.0,0.0,0.0,0.0,0.0198,0.0,,0.0038,Mental health conditions ever diagnosed by a professional__group,1.11,496,0.59 <= Mental health conditions ever diagnosed by a professional__group < 0.62,0.08,0.08,2,80,0.28
Alanine aminotransferase,C0001899,Alanine Transaminase,"Alanine Transaminase. An enzyme that catalyzes the conversion of L-alanine and 2-oxoglutarate to pyruvate and L-glutamate. (From Enzyme Nomenclature, 1992) EC 2.6.1.2.",0,0.91,0.0,0.0,0.0,0.0193,0.0,,0.0028,Alanine aminotransferase,1.38,276,2.80 <= Alanine aminotransferase < 7.60,0.04,0.04,2,150,0.2
Alcohol intake frequency. Special occasions only,C0001948,Alcohol consumption,"Alcohol consumption. Behaviors associated with the ingesting of ALCOHOLIC BEVERAGES, including social drinking.",1,0.58,1.0,1.0,1.0,0.0179,0.0,,0.001,Alcohol intake frequency._Special occasions only,1.17,2724,Alcohol intake frequency._Special occasions only >= 0.50,0.02,0.1,1,0,0.0
Alcohol intake frequency. Daily or almost daily,C0001948,Alcohol consumption,"Alcohol consumption. Behaviors associated with the ingesting of ALCOHOLIC BEVERAGES, including social drinking.",1,0.644,0.0,1.0,0.5,0.0171,0.0,,0.0006,Alcohol intake frequency._Daily or almost daily,1.03,14626,Alcohol intake frequency._Daily or almost daily < 0.50,-0.0,0.12,1,0,0.0
Overall health rating Excellent,C1548784,Excellent - Specimen Quality,Excellent - Specimen Quality. ,0,0.34,0.0,0.0,0.0,0.0155,0.0,,0.0031,Overall health rating_Excellent,1.03,15786,Overall health rating_Excellent < 0.50,-0.02,-0.02,99,22,inf
Arm fat percentage,,,,0,1.0,0.0,0.0,0.0,0.0142,0.0,,0.001,Arm fat percentage (left),1.16,931,Arm fat percentage (left) >= 1.60,0.07,0.07,2,80,0.28
Nonspecific chest pain,C0008031,Chest Pain,"Chest Pain. Pressure, burning, or numbness in the chest.",0,0.793,0.0,0.0,0.0,0.0138,0.0286,,0.0,Nonspecific chest pain,1.39,370,1.30 <= Nonspecific chest pain < 3.50,0.2,0.2,2,135,0.23
Frequency of tiredness / lethargy in last 2 weeks Not at all,C0015672,Fatigue,"Fatigue. The state of weariness following a period of exertion, mental or physical, characterized by a decreased capacity for work and reduced efficiency to respond to stimuli.",0,0.544,0.0,0.0,0.0,0.0124,0.0,,0.0008,Frequency of tiredness / lethargy in last 2 weeks_Not at all,1.05,10601,Frequency of tiredness / lethargy in last 2 weeks_Not at all < 0.50,-0.09,-0.09,2,299,0.14
Overall health rating Good,,,,0,1.0,0.0,0.0,0.0,0.0115,0.0,,0.0037,Overall health rating_Good,1.06,8057,Overall health rating_Good < 0.50,-0.01,-0.01,2,80,0.28
Overall health rating Fair,C1547189,Fair Language Proficiency,Fair Language Proficiency. ,0,0.398,0.0,0.0,0.0,0.0104,0.0,,0.0065,Overall health rating_Fair,1.12,4721,Overall health rating_Fair >= 0.50,-0.02,-0.02,99,0,0.0
Other serious medical condition/disability diagnosed by doctor,,,,0,1.0,0.0,0.0,0.0,0.0097,0.0,,0.0045,Other serious medical condition/disability diagnosed by doctor_No,1.12,4858,Other serious medical condition/disability diagnosed by doctor_No < 0.50,0.18,0.18,2,80,0.28
Oily fish intake 2-4 times a week,C0453017,Fatty fish,Fatty fish. ,0,0.568,0.0,0.0,0.0,0.0094,0.0,,0.0,Oily fish intake_2-4 times a week,1.02,14658,Oily fish intake_2-4 times a week < 0.50,0.08,0.08,2,0,0.0
Chest pain or discomfort,C0008031,Chest Pain,"Chest Pain. Pressure, burning, or numbness in the chest.",0,0.894,0.0,0.0,0.0,0.0089,0.0,,0.0018,Chest pain or discomfort_No,1.13,3744,Chest pain or discomfort_No < 0.50,0.17,0.17,2,135,0.23
Wheeze or whistling in the chest in last year,C0043144,Wheezing,"Wheezing. A symptom and a finding during physical examination, characterized by a high-pitched, whistling sound during breathing. It results from the narrowing or obstruction of the respiratory airways. The most common causes of wheezing are asthma, chronic obstructive pulmonary disease, tracheobronchitis, and pulmonary edema.",0,0.716,0.0,0.0,0.0,0.0089,0.0,,0.0067,Wheeze or whistling in the chest in last year_No,1.09,4923,Wheeze or whistling in the chest in last year_No < 0.50,0.16,0.16,2,138,0.29
Sleep - Overall average,C0037313,Sleep,"Sleep. A readily reversible suspension of sensorimotor interaction with the environment, usually associated with recumbency and immobility.",0,0.635,0.0,0.0,0.0,0.0088,0.3533,,0.0026,Sleep - Overall average,1.01,16432,-0.71 <= Sleep - Overall average < 12.00,-0.07,-0.07,2,0,0.0
Overall health rating Poor,,,,0,1.0,0.0,0.0,0.0,0.0087,0.0,,0.0032,Overall health rating_Poor,1.28,1298,Overall health rating_Poor >= 0.50,-0.05,-0.05,2,80,0.28
Average Diameter for HDL Particles,C1301886,Diameter (qualifier value),Diameter (qualifier value). The length of a straight line passing through the center of a circle or sphere and connecting two points on the circumference.,0,0.455,0.0,0.0,0.0,0.0085,0.0,,0.0079,Average Diameter for HDL Particles,1.21,839,-1.80 <= Average Diameter for HDL Particles < -0.87,0.05,0.06,2,138,0.77
"Long-standing illness, disability or infirmity",C0231170,Disability,Disability. Any physical or mental impairment that interferes with an individual's ability to perform desired activities.,0,0.495,0.0,0.0,0.0,0.0081,0.0,,0.0025,"Long-standing illness, disability or infirmity_No",1.09,7721,"Long-standing illness, disability or infirmity_No < 0.50",0.14,0.14,2,307,0.11
GERD,C0017168,Gastroesophageal reflux disease,"Gastroesophageal reflux disease. Retrograde flow of gastric juice (GASTRIC ACID) and/or duodenal contents (BILE ACIDS; PANCREATIC JUICE) into the distal ESOPHAGUS, commonly due to incompetence of the LOWER ESOPHAGEAL SPHINCTER.",1,0.415,1.0,1.0,1.0,0.0079,0.6005,,0.0008,GERD,1.3,344,GERD >= 2.60,0.26,0.26,1,38,0.03
(AD) alzheimer's disease genetic risk,C0002395,Alzheimer's Disease,"Alzheimer's Disease. A degenerative disease of the BRAIN characterized by the insidious onset of DEMENTIA. Impairment of MEMORY, judgment, attention span, and problem solving skills are followed by severe APRAXIAS and a global loss of cognitive abilities. The condition primarily occurs after age 60, and is marked pathologically by severe cortical atrophy and the triad of SENILE PLAQUES; NEUROFIBRILLARY TANGLES; and NEUROPIL THREADS. (From Adams et al., Principles of Neurology, 6th ed, pp1049-57)",0,0.675,0.0,0.0,0.0,0.0076,0.155,,0.0068,(AD) alzheimer's disease genetic risk,1.02,11443,(AD) alzheimer's disease genetic risk < 0.20,0.19,0.2,2,0,0.0
Mouth/teeth dental problems Dentures,C0576962,Tooth problem,Tooth problem. ,0,0.619,0.0,0.0,0.0,0.0075,0.0,,0.0,Mouth/teeth dental problems_Dentures,1.11,2817,Mouth/teeth dental problems_Dentures >= 0.50,0.15,0.15,2,0,0.0
Oily fish intake Less than once a week,C0453017,Fatty fish,Fatty fish. ,0,0.509,0.0,0.0,0.0,0.0072,0.0093,,0.0022,Oily fish intake_Less than once a week,1.04,5644,Oily fish intake_Less than once a week >= 0.50,0.07,0.07,2,0,0.0
Fluid intelligence score,,,,0,1.0,0.0,0.0,0.0,0.0069,0.0201,,0.0031,Fluid intelligence score,1.02,14393,-2.70 <= Fluid intelligence score < 0.09,-0.01,-0.01,2,80,0.28
Meat substitutes - soy,C1697820,soy - non-drug agent,soy - non-drug agent. ,0,0.889,0.0,0.0,0.0,0.0068,0.5611,,0.0011,Meat substitutes - soy,1.02,15435,Meat substitutes - soy >= -0.07,-0.07,-0.07,99,208,inf
dietary changes in the last 5 years,C0012155,Diet,Diet. Regular course of eating and drinking adopted by a person or animal.,1,0.401,0.0,1.0,0.3,0.0066,0.0,,0.003,Major dietary changes in the last 5 years_No,1.06,8015,Major dietary changes in the last 5 years_No < 0.50,0.09,0.09,1,234,0.17
Job code at visit managers,,,,0,1.0,0.0,0.0,0.0,0.0062,0.0013,,0.0,Job code at visit__managers,1.01,16254,Job code at visit__managers < 0.10,-0.05,-0.05,2,80,0.28
Nausea and vomiting,C0027497,Nausea,"Nausea. An unpleasant sensation in the stomach usually accompanied by the urge to vomit. Common causes are early pregnancy, sea and motion sickness, emotional stress, intense pain, food poisoning, and various enteroviruses.",0,0.785,0.0,0.0,0.0,0.0056,0.0259,,0.0002,Nausea and vomiting,0.99,17048,-2.10 <= Nausea and vomiting < 0.74,0.28,0.28,2,94,0.09
Other serious medical condition/disability diagnosed by doctor Yes - you will be asked about this later by an interviewer,C0021821,Interviewers,Interviewers. The person who manages an interview and asks the questions.,0,0.228,0.0,0.0,0.0,0.005,0.0,,0.0035,Other serious medical condition/disability diagnosed by doctor_Yes - you will be asked about this later by an interviewer,1.13,4391,Other serious medical condition/disability diagnosed by doctor_Yes - you will be asked about this later by an interviewer >= 0.50,0.18,0.18,2,23,0.31
(IOP) intraocular pressure genetic risk,C0021888,Physiologic Intraocular Pressure,Physiologic Intraocular Pressure. The pressure of the fluids in the eye.,0,0.55,0.0,0.0,0.0,0.0048,0.2286,,0.0063,(IOP) intraocular pressure genetic risk,1.19,442,-1.90 <= (IOP) intraocular pressure genetic risk < -1.60,0.05,0.11,2,86,2.46
Frequency of tiredness / lethargy in last 2 weeks Nearly every day,C0015672,Fatigue,"Fatigue. The state of weariness following a period of exertion, mental or physical, characterized by a decreased capacity for work and reduced efficiency to respond to stimuli.",0,0.563,0.0,0.0,0.0,0.0047,0.0,,0.0085,Frequency of tiredness / lethargy in last 2 weeks_Nearly every day,1.21,1511,Frequency of tiredness / lethargy in last 2 weeks_Nearly every day >= 0.50,-0.06,-0.06,2,299,0.14
Vascular/heart problems diagnosed by doctor High blood pressure,C0020538,Hypertensive disease,"Hypertensive disease. Persistently high systemic arterial BLOOD PRESSURE. Based on multiple readings (BLOOD PRESSURE DETERMINATION), hypertension is currently defined as when SYSTOLIC PRESSURE is consistently greater than 140 mm Hg or when DIASTOLIC PRESSURE is consistently 90 mm Hg or more.",1,0.582,1.0,1.0,1.0,0.0042,0.0028,,0.004,Vascular/heart problems diagnosed by doctor_High blood pressure,1.05,5137,Vascular/heart problems diagnosed by doctor_High blood pressure >= 0.50,0.07,0.07,1,0,0.0
(HBA1C DF) glycated haemoglobin genetic risk,C0017853,"Hemoglobin, Glycosylated","Hemoglobin, Glycosylated. Products of non-enzymatic reactions between GLUCOSE and HEMOGLOBIN (occurring as a minor fraction of the hemoglobin of ERYTHROCYTES.) It generally refers to glycated HEMOGLOBIN A. Hemoglobin A1c (Hb A1c) is hemoglobin A with GLYCATION on a terminal VALINE of the beta chain. Glycated hemoglobin A is used as an index of the average blood sugar level over a lifetime of erythrocytes.",0,0.525,0.0,0.0,0.0,0.0042,0.0735,,0.0084,(HBA1C_DF) glycated haemoglobin genetic risk,1.17,278,(HBA1C_DF) glycated haemoglobin genetic risk >= 2.20,0.06,0.13,2,0,0.0
"Medication for cholesterol, blood pressure or diabetes Medication None of the above",C0008377,cholesterol,"cholesterol. The principal sterol of all higher animals, distributed in body tissues, especially the brain and spinal cord, and in animal fats and oils.",3,0.346,0.0,1.0,0.2,0.0041,0.0,,0.0004,"Medication for cholesterol, blood pressure or diabetes Medication_None of the above",1.02,13848,"Medication for cholesterol, blood pressure or diabetes Medication_None of the above < 0.50",0.2,0.2,1,128,0.03
Mental health conditions ever diagnosed by a professional group group,C0687744,Social group,"Social group. A collection of two or more people who share a common identity as defined by beliefs, codes of conduct, CULTURE and SOCIAL NORMS.",0,0.226,0.0,0.0,0.0,0.004,0.0,,0.002,Mental health conditions ever diagnosed by a professional__group group,1.11,496,0.31 <= Mental health conditions ever diagnosed by a professional__group group < 0.33,0.07,0.07,2,95,0.46
"dietary changes in the last 5 years Yes, because of illness",C0012155,Diet,Diet. Regular course of eating and drinking adopted by a person or animal.,1,0.218,0.0,0.0,0.0,0.004,0.0,,0.0,"Major dietary changes in the last 5 years_Yes, because of illness",1.17,2603,"Major dietary changes in the last 5 years_Yes, because of illness >= 0.50",0.13,0.13,1,234,0.17
Diverticulosis,C1510475,Diverticulosis,"Diverticulosis. A finding indicating the presence of multiple pouches, usually in the colonic or gastric wall.",0,0.798,0.0,0.0,0.0,0.004,0.7757,,0.0038,Diverticulosis,1.33,184,3.30 <= Diverticulosis < 4.10,0.33,0.33,2,8,0.03
Alanine,C0001898,alanine,"alanine. A non-essential amino acid that occurs in high levels in its free state in plasma. It is produced from pyruvate by transamination. It is involved in sugar and acid metabolism, increases IMMUNITY, and provides energy for muscle tissue, BRAIN, and the CENTRAL NERVOUS SYSTEM.",0,0.775,0.0,0.0,0.0,0.0039,0.4624,,0.0066,Alanine,1.13,517,-2.30 <= Alanine < -1.80,0.02,0.02,2,57,0.04
Cholesterol in Medium HDL,,,,0,1.0,0.0,0.0,0.0,0.0035,0.0,,0.0039,Cholesterol in Medium HDL,1.19,1103,-4.00 <= Cholesterol in Medium HDL < -1.40,0.15,0.15,2,80,0.28
"Medication for cholesterol, blood pressure, diabetes, or take exogenous hormones Blood pressure medication",,,,0,1.0,0.0,0.0,0.0,0.0035,0.0,,0.0,"Medication for cholesterol, blood pressure, diabetes, or take exogenous hormones_Blood pressure medication",1.16,1311,"Medication for cholesterol, blood pressure, diabetes, or take exogenous hormones_Blood pressure medication >= 0.50",0.2,0.2,2,80,0.28
avMSE,,,,0,1.0,0.0,0.0,0.0,0.0034,0.9978,,0.0033,avMSE,1.3,188,-0.25 <= avMSE < -0.06,-0.0,-0.0,2,80,0.28
"Blood clot, DVT, bronchitis, emphysema, asthma, rhinitis, eczema, allergy diagnosed by doctor Hayfever, allergic rhinitis or eczema",C0087086,Thrombus,Thrombus. ,0,0.249,0.0,0.0,0.0,0.0033,0.0054,,0.0,"Blood clot, DVT, bronchitis, emphysema, asthma, rhinitis, eczema, allergy diagnosed by doctor_Hayfever, allergic rhinitis or eczema",1.01,14894,"Blood clot, DVT, bronchitis, emphysema, asthma, rhinitis, eczema, allergy diagnosed by doctor_Hayfever, allergic rhinitis or eczema < 0.50",-0.01,-0.01,2,196,0.08
Health satisfaction,,,,0,1.0,0.0,0.0,0.0,0.0032,0.0001,,0.0096,Health satisfaction_None,1.03,11859,Health satisfaction_None >= 0.50,-0.04,-0.04,2,80,0.28
(OP) osteoporosis genetic risk,C0029456,Osteoporosis,"Osteoporosis. Reduction of bone mass without alteration in the composition of bone, leading to fractures. Primary osteoporosis can be of two major types: postmenopausal osteoporosis (OSTEOPOROSIS, POSTMENOPAUSAL) and age-related or senile osteoporosis.",0,0.529,0.0,0.0,0.0,0.0032,0.4709,,0.0056,(OP) osteoporosis genetic risk,1.14,731,-0.12 <= (OP) osteoporosis genetic risk < -0.01,0.15,0.2,2,0,0.0
Leg fat-free mass,C0023216,Lower Extremity,"Lower Extremity. The region of the lower limb in animals, extending from the gluteal region to the FOOT, and including the BUTTOCKS; HIP; and LEG.",0,0.413,0.0,0.0,0.0,0.0032,0.2493,,0.0,Leg fat-free mass (right),1.11,252,Leg fat-free mass (right) < -1.50,-0.03,-0.03,2,0,0.0
Mental health conditions ever diagnosed by a professional nerves,,,,0,1.0,0.0,0.0,0.0,0.0031,0.1467,,0.0,Mental health conditions ever diagnosed by a professional__nerves,1.0,16815,Mental health conditions ever diagnosed by a professional__nerves < 0.13,-0.04,-0.04,2,80,0.28
age,C0001779,Age,Age. How long something has existed; elapsed time since birth.,1,0.737,1.0,1.0,1.0,0.003,0.9456,,0.0011,age,1.06,1294,1.30 <= age < 1.70,0.05,0.07,1,0,0.0
Health satisfaction Moderately happy,C0018592,Happiness,Happiness. Highly pleasant emotion characterized by outward manifestations of gratification.,0,0.518,0.0,0.0,0.0,0.0029,0.0001,,0.0,Health satisfaction_Moderately happy,1.02,14614,Health satisfaction_Moderately happy < 0.50,-0.1,-0.1,2,6,0.04
SHBG,C0036883,Sex Hormone-Binding Globulin,"Sex Hormone-Binding Globulin. A glycoprotein migrating as a beta-globulin. Its molecular weight, 52,000 or 95,000-115,000, indicates that it exists as a dimer. The protein binds testosterone, dihydrotestosterone, and estradiol in the plasma. Sex hormone-binding protein has the same amino acid sequence as ANDROGEN-BINDING PROTEIN. They differ by their sites of synthesis and post-translational oligosaccharide modifications.",0,0.45,0.0,0.0,0.0,0.0028,0.0814,,0.0027,SHBG,1.03,11694,-1.50 <= SHBG < 0.02,0.03,0.1,2,54,0.12
Concentration of Large HDL Particles,C0549177,Large,"Large. Of considerable or relatively great size, extent, or capacity.",0,0.245,0.0,0.0,0.0,0.0028,0.0,,0.0,Concentration of Large HDL Particles,1.14,1623,-2.90 <= Concentration of Large HDL Particles < -0.88,0.07,0.15,2,225,5.77
Total protein,C0555903,Total protein measurement,Total protein measurement. A quantitative measurement of the amount of total protein present in a sample.,0,0.881,0.0,0.0,0.0,0.0027,0.9647,,0.0,Total protein,1.18,542,-1.80 <= Total protein < -1.50,0.04,0.04,3,0,0.0
medication amlodipine,C0051696,amlodipine,amlodipine. A long-acting dihydropyridine calcium channel blocker. It is effective in the treatment of ANGINA PECTORIS and HYPERTENSION.,0,0.897,0.0,0.0,0.0,0.0026,0.0005,,0.0,Treatment/medication code | Array 0__amlodipine,1.16,887,Treatment/medication code | Array 0__amlodipine >= 0.50,0.06,0.06,2,30,0.05
Other specified gastritis,C0017152,Gastritis,"Gastritis. Inflammation of the GASTRIC MUCOSA, a lesion observed in a number of unrelated disorders.",0,0.875,0.0,0.0,0.0,0.0026,0.0927,,0.0018,Other specified gastritis,1.27,237,1.20 <= Other specified gastritis < 6.20,0.26,0.26,2,1,0.0
Apolipoprotein B Blood biochemistry,C0003593,Apolipoproteins B,"Apolipoproteins B. Major structural proteins of triacylglycerol-rich LIPOPROTEINS. There are two forms, apolipoprotein B-100 and apolipoprotein B-48, both derived from a single gene. ApoB-100 expressed in the liver is found in low-density lipoproteins (LIPOPROTEINS, LDL; LIPOPROTEINS, VLDL). ApoB-48 expressed in the intestine is found in CHYLOMICRONS. They are important in the biosynthesis, transport, and metabolism of triacylglycerol-rich lipoproteins. Plasma Apo-B levels are high in atherosclerotic patients but non-detectable in ABETALIPOPROTEINEMIA.",1,0.745,0.0,1.0,0.3,0.0025,0.3973,,0.0031,Apolipoprotein B Blood biochemistry,1.11,190,Apolipoprotein B Blood biochemistry < -2.10,0.2,0.22,1,0,0.0
medication omeprazole,C0028978,omeprazole,"omeprazole. A 4-methoxy-3,5-dimethylpyridyl, 5-methoxybenzimidazole derivative of timoprazole that is used in the therapy of STOMACH ULCERS and ZOLLINGER-ELLISON SYNDROME. The drug inhibits an H(+)-K(+)-EXCHANGING ATPASE which is found in GASTRIC PARIETAL CELLS.",0,0.823,0.0,0.0,0.0,0.0025,0.0,,0.0026,Treatment/medication code | Array 0__omeprazole,1.39,217,Treatment/medication code | Array 0__omeprazole >= 0.50,0.05,0.05,2,48,0.07
Age high blood pressure diagnosed,C0001779,Age,Age. How long something has existed; elapsed time since birth.,1,0.375,1.0,1.0,1.0,0.0023,0.0002,,0.0021,Age high blood pressure diagnosed_50,1.23,510,Age high blood pressure diagnosed_50 >= 0.50,0.02,0.11,1,0,0.0
Vascular/heart problems diagnosed by doctor None of the above,,,,0,1.0,0.0,0.0,0.0,0.0023,0.0,,0.0,Vascular/heart problems diagnosed by doctor_None of the above,1.07,6671,Vascular/heart problems diagnosed by doctor_None of the above < 0.50,0.05,0.05,2,80,0.28
medication aspirin,C0004057,aspirin,"aspirin. The prototypical analgesic used in the treatment of mild to moderate pain. It has anti-inflammatory and antipyretic properties and acts as an inhibitor of cyclooxygenase which results in the inhibition of the biosynthesis of prostaglandins. Aspirin also inhibits platelet aggregation and is used in the prevention of arterial and venous thrombosis. (From Martindale, The Extra Pharmacopoeia, 30th ed, p5)",1,0.879,1.0,1.0,1.0,0.0023,0.156,,0.0,Treatment/medication code | Array 0__aspirin,1.0,15439,Treatment/medication code | Array 0__aspirin < 0.13,0.1,0.1,1,0,0.0
"Average total household income before tax Less than 18,000",,,,0,1.0,0.0,0.0,0.0,0.0023,0.002,,0.0033,"Average total household income before tax_Less than 18,000",1.06,4190,"Average total household income before tax_Less than 18,000 >= 0.50",-0.03,-0.03,2,80,0.28
Other mental disorder,C0004936,Mental disorders,"Mental disorders. Psychiatric illness or diseases manifested by breakdowns in the adaptational process expressed primarily as abnormalities of thought, feeling, and behavior producing either distress or impairment of function.",0,0.636,0.0,0.0,0.0,0.0023,0.1873,,0.0,Other mental disorder,1.23,272,2.40 <= Other mental disorder < 3.40,0.13,0.2,2,0,0.0
Eye problems/disorders,,,,0,1.0,0.0,0.0,0.0,0.0022,0.1103,,0.0039,Eye problems/disorders_None,1.01,11354,Eye problems/disorders_None >= 0.50,0.21,0.21,2,80,0.28
Eosinophill percentage,,,,0,1.0,0.0,0.0,0.0,0.0022,0.4452,,0.0025,Eosinophill percentage,1.03,8134,-0.17 <= Eosinophill percentage < 1.70,-0.11,-0.11,2,80,0.28
"Medication for cholesterol, blood pressure or diabetes Medication Cholesterol lowering medication",,,,0,1.0,0.0,0.0,0.0,0.0022,0.0481,,0.0,"Medication for cholesterol, blood pressure or diabetes Medication_Cholesterol lowering medication",1.0,17077,"Medication for cholesterol, blood pressure or diabetes Medication_Cholesterol lowering medication < 0.50",0.27,0.27,2,80,0.28
(MS) multiple sclerosis genetic risk,C0026221,Mississippi (geographic location),"Mississippi (geographic location). State bounded on the north by Tennessee, on the east by Alabama, on the south by Louisiana and Gulf of Mexico, and on the west by Arkansas and Louisiana.",0,0.234,0.0,0.0,0.0,0.0021,0.7029,,0.0045,(MS) multiple sclerosis genetic risk,1.01,15813,(MS) multiple sclerosis genetic risk >= -1.20,0.08,0.1,99,0,0.0
Chest pain due to walking ceases when standing still,C0008031,Chest Pain,"Chest Pain. Pressure, burning, or numbness in the chest.",0,0.571,0.0,0.0,0.0,0.0021,0.0,,0.0022,Chest pain due to walking ceases when standing still_None,1.2,1721,Chest pain due to walking ceases when standing still_None < 0.50,-0.03,-0.03,2,135,0.23
Acceptability of each blow result (text) |,C0814633,acceptability,acceptability. ,0,0.467,0.0,0.0,0.0,0.0021,0.3703,,0.0038,Acceptability of each blow result (text) | Array 0,1.0,14249,Acceptability of each blow result (text) | Array 0 >= -0.77,-0.04,-0.04,99,0,0.0
Eye problems/disorders None of the above,,,,0,1.0,0.0,0.0,0.0,0.002,0.0016,,0.0,Eye problems/disorders_None of the above,1.02,13141,Eye problems/disorders_None of the above < 0.50,0.23,0.23,2,80,0.28
Mineral and other dietary supplements Fish oil (including cod liver oil)|Glucosamine,C0026162,Minerals,"Minerals. Native, inorganic or fossilized organic substances having a definite chemical composition and formed by inorganic reactions. They may occur as individual crystals or may be disseminated in some other mineral or rock. (Grant & Hackh's Chemical Dictionary, 5th ed; McGraw-Hill Dictionary of Scientific and Technical Terms, 4th ed)",0,0.177,0.0,0.0,0.0,0.0019,0.0299,,0.0,Mineral and other dietary supplements_Fish oil (including cod liver oil)|Glucosamine,1.01,16076,Mineral and other dietary supplements_Fish oil (including cod liver oil)|Glucosamine < 0.50,0.06,0.06,2,0,0.0
Coffee intake,C0009237,Coffee,Coffee. A beverage made from ground COFFEA beans (SEEDS) infused in hot water. It generally contains CAFFEINE and THEOPHYLLINE unless it is decaffeinated.,0,0.631,0.0,0.0,0.0,0.0019,0.0593,,0.0,Coffee intake,1.04,5472,-1.10 <= Coffee intake < -0.68,-0.02,-0.02,2,90,0.62
Shortness of breath,C0013404,Dyspnea,Dyspnea. Difficult or labored breathing.,0,0.865,0.0,0.0,0.0,0.0019,0.1072,,0.0014,Shortness of breath,0.99,17359,-1.20 <= Shortness of breath < 1.80,0.06,0.06,2,0,0.0
Concentration of Chylomicrons and Extremely Large VLDL Particles,C0008731,Chylomicrons,Chylomicrons. A class of lipoproteins that carry dietary CHOLESTEROL and TRIGLYCERIDES from the SMALL INTESTINE to the tissues. Their density (0.93-1.006 g/ml) is the same as that of VERY-LOW-DENSITY LIPOPROTEINS.,0,0.746,0.0,0.0,0.0,0.0019,0.0122,,0.0,Concentration of Chylomicrons and Extremely Large VLDL Particles,1.27,181,0.01 <= Concentration of Chylomicrons and Extremely Large VLDL Particles < 0.25,0.12,0.17,2,112,0.41
Mental health conditions ever diagnosed by a professional obsessive compulsive,C2698884,Professional Occupation,"Professional Occupation. An occupation requiring special education, especially in the liberal arts or sciences.",0,0.194,0.0,0.0,0.0,0.0018,0.0289,,0.0015,Mental health conditions ever diagnosed by a professional__obsessive compulsive,1.0,17660,Mental health conditions ever diagnosed by a professional__obsessive compulsive < 0.09,0.07,0.07,99,149,inf
Birth weight,C0005612,Birth Weight,Birth Weight. The mass or quantity of heaviness of an individual at BIRTH. It is expressed by units of pounds or kilograms.,0,0.866,0.0,0.0,0.0,0.0018,0.507,,0.0,Birth weight,1.0,16770,-2.00 <= Birth weight < 3.10,0.08,0.08,2,0,0.0
Concentration of Very Small VLDL Particles,C0597177,Particle,Particle. An object with finite mass and size parameters.,0,0.241,0.0,0.0,0.0,0.0018,0.8104,,0.0008,Concentration of Very Small VLDL Particles,1.23,304,-2.40 <= Concentration of Very Small VLDL Particles < -1.90,-0.03,0.04,2,225,0.1
Medium and low fat cheese,C0010454,Culture Media,"Culture Media. Any liquid or solid preparation made specifically for the growth, storage, or transport of microorganisms or other types of cells. The variety of media that exist allow for the culturing of specific microorganisms and cell types, such as differential media, selective media, test media, and defined media. Solid media consist of liquid media that have been solidified with an agent such as AGAR or GELATIN.",0,0.306,0.0,0.0,0.0,0.0018,0.7073,,0.0039,Medium and low fat cheese,1.02,15463,-0.38 <= Medium and low fat cheese < 3.00,0.06,0.06,2,105,0.23
Mental health conditions ever diagnosed by a professional anxiety nerves,,,,0,1.0,0.0,0.0,0.0,0.0018,0.1467,,0.0004,Mental health conditions ever diagnosed by a professional__anxiety nerves,1.0,16815,Mental health conditions ever diagnosed by a professional__anxiety nerves < 0.13,-0.03,-0.03,2,80,0.28
Angina pectoris,C0002962,Angina Pectoris,"Angina Pectoris. The symptom of paroxysmal pain consequent to MYOCARDIAL ISCHEMIA usually of distinctive character, location and radiation. It is thought to be provoked by a transient stressful situation during which the oxygen requirements of the MYOCARDIUM exceed that supplied by the CORONARY CIRCULATION.",0,0.784,0.0,0.0,0.0,0.0017,0.0492,,0.0104,Angina pectoris,1.27,402,-7.90 <= Angina pectoris < -0.23,0.1,0.1,2,16,0.03
"Age hay fever, rhinitis or eczema diagnosed",C0001779,Age,Age. How long something has existed; elapsed time since birth.,1,0.356,0.0,1.0,0.2,0.0017,0.1151,,0.0036,"Age hay fever, rhinitis or eczema diagnosed_None",1.01,13736,"Age hay fever, rhinitis or eczema diagnosed_None >= 0.50",-0.07,-0.07,1,0,0.0
hypertension,C0020538,Hypertensive disease,"Hypertensive disease. Persistently high systemic arterial BLOOD PRESSURE. Based on multiple readings (BLOOD PRESSURE DETERMINATION), hypertension is currently defined as when SYSTOLIC PRESSURE is consistently greater than 140 mm Hg or when DIASTOLIC PRESSURE is consistently 90 mm Hg or more.",1,0.698,0.0,1.0,0.3,0.0017,0.002,,0.0,"Non-cancer illness code, self-reported | Array 0__hypertension",1.05,4932,"Non-cancer illness code, self-reported | Array 0__hypertension >= 0.61",0.1,0.13,1,0,0.0
Essential hypertension,C0085580,Essential Hypertension,"Essential Hypertension. Hypertension that occurs without known cause, or preexisting renal disease. Associated polymorphisms for a number of genes have been identified, including AGT, GNB3, and ECE1. OMIM: 145500",0,0.751,0.0,0.0,0.0,0.0016,0.3945,,0.0012,Essential hypertension,1.26,256,-3.30 <= Essential hypertension < -2.50,0.09,0.1,2,264,0.19
Average Diameter for VLDL Particles,C1301886,Diameter (qualifier value),Diameter (qualifier value). The length of a straight line passing through the center of a circle or sphere and connecting two points on the circumference.,0,0.421,0.0,0.0,0.0,0.0016,0.0004,,0.0,Average Diameter for VLDL Particles,1.11,1788,0.30 <= Average Diameter for VLDL Particles < 4.30,-0.02,0.02,2,138,0.77
(PSA) Time since last prostate specific antigen test,C0201544,Prostate specific antigen measurement,Prostate specific antigen measurement. The determination of the prostate specific antigen present in a sample.,0,0.66,0.0,0.0,0.0,0.0016,0.0042,,0.0,(PSA) Time since last prostate specific antigen test_1,1.17,580,(PSA) Time since last prostate specific antigen test_1 >= 0.50,-0.13,-0.13,2,338,4.69
Cholesterol in Small VLDL,,,,0,1.0,0.0,0.0,0.0,0.0016,0.3733,,0.0081,Cholesterol in Small VLDL,1.0,17364,-3.40 <= Cholesterol in Small VLDL < 3.60,0.18,0.18,2,80,0.28
(AF) atrial fibrillation genetic risk,C0004238,Atrial Fibrillation,"Atrial Fibrillation. Abnormal cardiac rhythm that is characterized by rapid, uncoordinated firing of electrical impulses in the upper chambers of the heart (HEART ATRIA). In such case, blood cannot be effectively pumped into the lower chambers of the heart (HEART VENTRICLES). It is caused by abnormal impulse generation.",1,0.658,0.0,1.0,0.2,0.0016,0.2758,,0.0028,(AF) atrial fibrillation genetic risk,1.21,285,-1.10 <= (AF) atrial fibrillation genetic risk < -1.00,-0.06,0.13,1,6,0.0
Oily fish intake Never,C0453017,Fatty fish,Fatty fish. ,0,0.532,0.0,0.0,0.0,0.0015,0.0001,,0.0,Oily fish intake_Never,1.11,2140,Oily fish intake_Never >= 0.50,0.09,0.09,2,0,0.0
Acetate,C0000975,acetate,"acetate. Salt or ester form of acetic acid. Acetate is the most common building block for biosynthesis, such as fatty acids.",0,0.788,0.0,0.0,0.0,0.0015,0.3347,,0.0001,Acetate,1.05,3390,-0.67 <= Acetate < -0.20,-0.04,-0.04,2,84,0.04
Other tests,C0022885,Laboratory Procedures,"Laboratory Procedures. Any procedure that involves testing or manipulating a sample of blood, urine, or other body substance in a laboratory setting.",1,0.613,0.0,1.0,0.5,0.0014,0.9164,,0.0,Other tests,1.0,16986,-0.19 <= Other tests < 0.06,0.1,0.12,1,125,0.03
Concentration of Large LDL Particles,C0549177,Large,"Large. Of considerable or relatively great size, extent, or capacity.",0,0.272,0.0,0.0,0.0,0.0014,0.4504,,0.004,Concentration of Large LDL Particles,0.99,17372,-3.30 <= Concentration of Large LDL Particles < 3.90,0.04,0.19,2,225,5.77
Concentration of Small HDL Particles,,,,0,1.0,0.0,0.0,0.0,0.0014,0.0102,,0.0,Concentration of Small HDL Particles,1.11,473,Concentration of Small HDL Particles < -2.30,0.07,0.12,2,80,0.28
"Blood clot, DVT, bronchitis, emphysema, asthma, rhinitis, eczema, allergy diagnosed by doctor None of the above",C0087086,Thrombus,Thrombus. ,0,0.184,0.0,0.0,0.0,0.0014,0.2419,,0.0015,"Blood clot, DVT, bronchitis, emphysema, asthma, rhinitis, eczema, allergy diagnosed by doctor_None of the above",1.02,6022,"Blood clot, DVT, bronchitis, emphysema, asthma, rhinitis, eczema, allergy diagnosed by doctor_None of the above < 0.50",-0.02,-0.02,2,196,0.08
Gastric ulcer,C0038358,Gastric ulcer,Gastric ulcer. Ulceration of the GASTRIC MUCOSA due to contact with GASTRIC JUICE. It is often associated with HELICOBACTER PYLORI infection or consumption of nonsteroidal anti-inflammatory drugs (NSAIDS).,0,0.588,0.0,0.0,0.0,0.0014,0.0008,,0.0,Gastric ulcer,0.99,17436,-4.40 <= Gastric ulcer < 0.12,0.22,0.22,2,30,0.04
(ISS) ischaemic stroke genetic risk,C0948008,Ischemic stroke,"Ischemic stroke. An acute episode of focal cerebral, spinal, or retinal dysfunction caused by infarction of brain tissue.",0,0.422,0.0,0.0,0.0,0.0014,0.1025,,0.0005,(ISS) ischaemic stroke genetic risk,1.05,5058,0.46 <= (ISS) ischaemic stroke genetic risk < 2.00,0.02,0.12,2,111,0.05
Number of self-reported cancers,,,,0,1.0,0.0,0.0,0.0,0.0014,0.0078,,0.0061,Number of self-reported cancers,1.09,1612,1.40 <= Number of self-reported cancers < 4.30,-0.03,-0.03,2,80,0.28
reflux,C0232483,Reflux,Reflux. An abnormal backward flow of a body fluid.,1,0.84,1.0,2.0,1.0,0.0014,0.0263,,0.0014,"Non-cancer illness code, self-reported | Array 2__reflux",1.21,222,"Non-cancer illness code, self-reported | Array 2__reflux >= 0.28",0.24,0.24,1,161,0.17
Mental health conditions ever diagnosed by a professional disorder ocd,,,,0,1.0,0.0,0.0,0.0,0.0013,0.0289,,0.0,Mental health conditions ever diagnosed by a professional__disorder ocd,1.0,17660,Mental health conditions ever diagnosed by a professional__disorder ocd < 0.09,0.1,0.13,2,80,0.28
Cholesterol Blood biochemistry,,,,0,1.0,0.0,0.0,0.0,0.0012,0.0086,,0.001,Cholesterol Blood biochemistry,1.06,3749,-2.30 <= Cholesterol Blood biochemistry < -0.75,0.29,0.34,2,80,0.28
Age asthma diagnosed infrequent,,,,0,1.0,0.0,0.0,0.0,0.0012,0.0069,,0.0,Age asthma diagnosed_infrequent_,1.12,908,Age asthma diagnosed_infrequent_ >= 0.50,0.03,0.03,2,80,0.28
Most recent bowel cancer screening,C0346627,Intestinal Cancer,"Intestinal Cancer. A primary or metastatic malignant neoplasm involving the small intestine, large intestine, or both. Representative examples are carcinomas, lymphomas, and sarcomas.",0,0.544,0.0,1.0,0.2,0.0012,0.0099,,0.0056,Most recent bowel cancer screening_None,1.04,6337,Most recent bowel cancer screening_None < 0.50,-0.0,-0.0,2,0,0.0
Job code at visit education,,,,0,1.0,0.0,0.0,0.0,0.0012,0.0,,0.0032,Job code at visit__education,1.01,16821,Job code at visit__education < 0.13,-0.08,-0.08,2,80,0.28
Job code at visit professionals,,,,0,1.0,0.0,0.0,0.0,0.0011,0.0012,,0.0061,Job code at visit__professionals,1.01,16310,Job code at visit__professionals < 0.22,-0.05,-0.05,2,80,0.28
Mental health conditions ever diagnosed by a professional compulsive disorder,,,,0,1.0,0.0,0.0,0.0,0.0011,0.0289,,0.0,Mental health conditions ever diagnosed by a professional__compulsive disorder,1.0,17660,Mental health conditions ever diagnosed by a professional__compulsive disorder < 0.09,0.08,0.08,2,80,0.28
Average total household income before tax Prefer not to answer,,,,0,1.0,0.0,0.0,0.0,0.001,0.097,,0.0,Average total household income before tax_Prefer not to answer,1.05,1955,Average total household income before tax_Prefer not to answer >= 0.50,-0.08,-0.08,2,80,0.28
(EOC) epithelial ovarian cancer genetic risk,C0677886,Epithelial ovarian cancer,Epithelial ovarian cancer. ,0,0.688,0.0,0.0,0.0,0.001,0.071,,0.0031,(EOC) epithelial ovarian cancer genetic risk,1.0,17436,(EOC) epithelial ovarian cancer genetic risk >= -2.20,0.08,0.11,2,0,0.0
Z92.1 - Personal history of long-term (current) use of anticoagulants,C0262926,Medical History,"Medical History. A record of a patient's background regarding health and the occurrence of disease events of the individual. In addition, personal medical history may be a variable in epidemiologic studies.",1,0.399,0.0,1.0,0.3,0.001,0.1069,,0.0023,Z92.1 - Personal history of long-term (current) use of anticoagulants,1.1,203,-6.00 <= Z92.1 - Personal history of long-term (current) use of anticoagulants < -0.20,0.04,0.04,1,0,0.0
Hemorrhoids,C0019112,Hemorrhoids,"Hemorrhoids. Swollen veins in the lower part of the RECTUM or ANUS. Hemorrhoids can be inside the anus (internal), under the skin around the anus (external), or protruding from inside to outside of the anus. People with hemorrhoids may or may not exhibit symptoms which include bleeding, itching, and pain.",0,0.878,0.0,0.0,0.0,0.001,0.1303,,0.0,Hemorrhoids,1.02,178,-5.50 <= Hemorrhoids < -2.70,0.03,0.03,2,285,0.87
"Z88.8 - Personal history of allergy to other drugs, medicaments and biological substances",C0262926,Medical History,"Medical History. A record of a patient's background regarding health and the occurrence of disease events of the individual. In addition, personal medical history may be a variable in epidemiologic studies.",1,0.293,0.0,1.0,0.2,0.0009,0.0817,,0.0,"Z88.8 - Personal history of allergy to other drugs, medicaments and biological substances",0.99,17411,"-6.20 <= Z88.8 - Personal history of allergy to other drugs, medicaments and biological substances < 0.58",-0.04,-0.04,1,0,0.0
Job code at visit office,,,,0,1.0,0.0,0.0,0.0,0.0008,0.0425,,0.0,Job code at visit__office,1.0,17174,Job code at visit__office < 0.19,-0.1,-0.1,2,80,0.28
Health satisfaction Very happy,C0018592,Happiness,Happiness. Highly pleasant emotion characterized by outward manifestations of gratification.,0,0.668,0.0,0.0,0.0,0.0008,0.0011,,0.0004,Health satisfaction_Very happy,1.01,16293,Health satisfaction_Very happy < 0.50,-0.06,-0.06,2,6,0.04
(PSA) Time since last prostate specific antigen test Less than a year ago,C0201544,Prostate specific antigen measurement,Prostate specific antigen measurement. The determination of the prostate specific antigen present in a sample.,0,0.587,0.0,0.0,0.0,0.0008,0.0032,,0.0048,(PSA) Time since last prostate specific antigen test_Less than a year ago,1.01,17149,(PSA) Time since last prostate specific antigen test_Less than a year ago < 0.50,-0.1,-0.1,2,338,4.69
Arthropathy NOS,C0022408,Arthropathy,Arthropathy. Diseases involving the JOINTS.,0,0.952,0.0,0.0,0.0,0.0008,0.0187,,0.0004,Arthropathy NOS,1.27,225,2.90 <= Arthropathy NOS < 3.70,0.21,0.3,2,16,0.01
"Medication for cholesterol, blood pressure or diabetes Medication Blood pressure medication",,,,0,1.0,0.0,0.0,0.0,0.0007,0.0017,,0.0,"Medication for cholesterol, blood pressure or diabetes Medication_Blood pressure medication",1.15,857,"Medication for cholesterol, blood pressure or diabetes Medication_Blood pressure medication >= 0.50",0.23,0.24,2,80,0.28
hernia,C0019270,Hernia,"Hernia. Protrusion of tissue, structure, or part of an organ through the bone, muscular tissue, or the membrane by which it is normally contained. Hernia may involve tissues such as the ABDOMINAL WALL or the respiratory DIAPHRAGM. Hernias may be internal, external, congenital, or acquired.",0,0.866,0.0,0.0,0.0,0.0007,0.0738,,0.0,"Non-cancer illness code, self-reported | Array 1__hernia",1.25,195,"Non-cancer illness code, self-reported | Array 1__hernia >= 0.28",0.32,0.32,2,128,0.09
reflux gord,,,,0,1.0,0.0,0.0,0.0,0.0007,0.0263,,0.0,"Non-cancer illness code, self-reported | Array 2__reflux gord",1.21,222,"Non-cancer illness code, self-reported | Array 2__reflux gord >= 0.14",0.28,0.28,2,80,0.28
medication product,,,,0,1.0,0.0,0.0,0.0,0.0007,0.073,,0.0021,Treatment/medication code | Array 0__product,1.0,17118,Treatment/medication code | Array 0__product < 0.15,0.06,0.06,2,80,0.28
tissue injuries,,,,0,1.0,0.0,0.0,0.0,0.0006,0.1129,,0.0,"Non-cancer illness code, self-reported | Array 2__tissue injuries",1.0,17657,"Non-cancer illness code, self-reported | Array 2__tissue injuries < 0.20",0.21,0.21,2,80,0.28
hiatus,,,,0,1.0,0.0,0.0,0.0,0.0006,0.0997,,0.0,"Non-cancer illness code, self-reported | Array 0__hiatus",1.0,17578,"Non-cancer illness code, self-reported | Array 0__hiatus < 0.29",0.04,0.04,2,80,0.28
Age asthma diagnosed,,,,0,1.0,0.0,0.0,0.0,0.0006,0.0137,,0.0,Age asthma diagnosed_1,1.0,17651,Age asthma diagnosed_1 < 0.50,0.07,0.1,2,80,0.28
"(DVT, blood clot in leg) Age deep-vein thrombosis diagnosed infrequent",C0149871,Deep Vein Thrombosis,"Deep Vein Thrombosis. A blood clot in a deep vein, predominantly in the lower extremity, but may include the pelvis or upper extremity.",0,0.606,0.0,0.0,0.0,0.0006,0.0249,,0.0,"(DVT, blood clot in leg) Age deep-vein thrombosis diagnosed_infrequent_",1.14,475,"(DVT, blood clot in leg) Age deep-vein thrombosis diagnosed_infrequent_ >= 0.50",0.06,0.06,2,31,0.03
Z92.2 - Personal history of long-term (current) use of other medicaments,C0262926,Medical History,"Medical History. A record of a patient's background regarding health and the occurrence of disease events of the individual. In addition, personal medical history may be a variable in epidemiologic studies.",1,0.431,0.0,1.0,0.3,0.0006,0.0839,,0.0013,Z92.2 - Personal history of long-term (current) use of other medicaments,1.13,248,1.40 <= Z92.2 - Personal history of long-term (current) use of other medicaments < 3.30,0.06,0.06,1,0,0.0
"Medication for cholesterol, blood pressure or diabetes Blood pressure medication",,,,0,1.0,0.0,0.0,0.0,0.0006,0.0017,,0.0074,"Medication for cholesterol, blood pressure or diabetes_Blood pressure medication",1.15,857,"Medication for cholesterol, blood pressure or diabetes_Blood pressure medication >= 0.50",0.24,0.25,2,80,0.28
allergic rhinitis,C2607914,Allergic rhinitis (disorder),"Allergic rhinitis (disorder). Inflammation of the nasal mucous membranes caused by an IgE-mediated response to external allergens. The inflammation may also involve the mucous membranes of the sinuses, eyes, middle ear, and pharynx. Symptoms include sneezing, nasal congestion, rhinorrhea, and itching. It may lead to fatigue, drowsiness, and malaise thus causing impairment of the quality of life.",0,0.871,0.0,0.0,0.0,0.0005,0.1039,,0.0041,"Non-cancer illness code, self-reported | Array 2__allergic rhinitis",1.0,17510,"Non-cancer illness code, self-reported | Array 2__allergic rhinitis < 0.22",-0.05,-0.05,2,312,156.0
heart,C0018787,Heart,"Heart. The hollow, muscular organ that maintains the circulation of the blood.",1,0.756,0.0,1.0,0.5,0.0005,0.0117,,0.0017,"Non-cancer illness code, self-reported | Array 3__heart",1.0,17638,"Non-cancer illness code, self-reported | Array 3__heart < 0.39",0.08,0.08,1,10,0.0
oesophageal,C1522619,Esophageal,Esophageal. Of or relating to the esophagus.,0,0.885,0.0,0.0,0.0,0.0005,0.0139,,0.0,"Non-cancer illness code, self-reported | Array 2__oesophageal",1.22,228,"Non-cancer illness code, self-reported | Array 2__oesophageal >= 0.14",0.15,0.15,3,194,4.51
hiatus hernia,C3489393,Hiatal Hernia,"Hiatal Hernia. STOMACH herniation located at or near the diaphragmatic opening for the ESOPHAGUS, the esophageal hiatus.",0,0.832,0.0,0.0,0.0,0.0005,0.0007,,0.0,"Non-cancer illness code, self-reported | Array 1__hiatus hernia",1.0,17522,"Non-cancer illness code, self-reported | Array 1__hiatus hernia < 0.29",0.14,0.14,2,0,0.0
Mental health conditions ever diagnosed by a professional post traumatic,,,,0,1.0,0.0,0.0,0.0,0.0004,0.0869,,0.0008,Mental health conditions ever diagnosed by a professional__post traumatic,1.0,17618,Mental health conditions ever diagnosed by a professional__post traumatic < 0.24,0.1,0.1,2,80,0.28
Job code at visit production works,,,,0,1.0,0.0,0.0,0.0,0.0004,0.031,,0.0,Job code at visit__production works,1.0,17502,Job code at visit__production works < 0.20,-0.07,-0.07,2,80,0.28
Excessive or frequent menstruation,C0442802,Excessive (qualifier value),Excessive (qualifier value). Beyond normal limits; unrestrained.,0,0.189,0.0,0.0,0.0,0.0004,0.0504,,0.0021,Excessive or frequent menstruation,1.0,17253,-0.96 <= Excessive or frequent menstruation < 2.00,0.02,0.02,99,121,inf
Job code at visit primary nursery,,,,0,1.0,0.0,0.0,0.0,0.0004,0.0436,,0.0,Job code at visit__primary nursery,1.0,17402,Job code at visit__primary nursery < 0.19,-0.14,-0.14,2,80,0.28
medication 5mg capsule,C0006935,capsule (pharmacologic),capsule (pharmacologic). Hard or soft soluble containers used for the oral administration of medicine.,0,0.225,0.0,0.0,0.0,0.0003,0.0109,,0.0,Treatment/medication code | Array 0__5mg capsule,1.0,17617,Treatment/medication code | Array 0__5mg capsule < 0.25,-0.09,-0.09,2,79,0.68
chronic bronchitis,C0008677,"Bronchitis, Chronic","Bronchitis, Chronic. A subcategory of CHRONIC OBSTRUCTIVE PULMONARY DISEASE. The disease is characterized by hypersecretion of mucus accompanied by a chronic (more than 3 months in 2 consecutive years) productive cough. Infectious agents are a major cause of chronic bronchitis.",0,0.849,0.0,0.0,0.0,0.0003,0.0004,,0.0015,"Non-cancer illness code, self-reported | Array 1__chronic bronchitis",1.0,17579,"Non-cancer illness code, self-reported | Array 1__chronic bronchitis < 0.23",0.25,0.29,2,118,0.22
oesophageal reflux,C0017168,Gastroesophageal reflux disease,"Gastroesophageal reflux disease. Retrograde flow of gastric juice (GASTRIC ACID) and/or duodenal contents (BILE ACIDS; PANCREATIC JUICE) into the distal ESOPHAGUS, commonly due to incompetence of the LOWER ESOPHAGEAL SPHINCTER.",1,0.76,0.0,1.0,0.5,0.0003,0.1573,,0.004,"Non-cancer illness code, self-reported | Array 1__oesophageal reflux",1.12,255,"Non-cancer illness code, self-reported | Array 1__oesophageal reflux >= 0.14",0.24,0.24,1,38,0.03
venous thrombosis,C0042487,Venous Thrombosis,Venous Thrombosis. The formation or presence of a blood clot (THROMBUS) within a vein.,0,0.943,0.0,0.0,0.0,0.0003,0.0037,,0.0017,"Non-cancer illness code, self-reported | Array 2__venous thrombosis",1.0,17654,"Non-cancer illness code, self-reported | Array 2__venous thrombosis < 0.19",0.04,0.18,2,10,0.01
medication lisinopril,,,,0,1.0,0.0,0.0,0.0,0.0003,0.0525,,0.0028,Treatment/medication code | Array 0__lisinopril,1.0,17601,Treatment/medication code | Array 0__lisinopril < 0.75,0.09,0.09,2,80,0.28
(United Kingdom) Year immigrated to UK,C0041700,United Kingdom,"United Kingdom. Country in northwestern Europe including Great Britain and the northern one-sixth of the island of Ireland, located between the North Sea and north Atlantic Ocean. The capital is London.",0,0.305,0.0,0.0,0.0,0.0003,0.1995,,0.0,(United Kingdom) Year immigrated to UK_1968,1.0,17650,(United Kingdom) Year immigrated to UK_1968 < 0.50,0.02,0.02,99,59,inf
myocardial,C0027061,Myocardium,"Myocardium. The muscle tissue of the HEART. It is composed of striated, involuntary muscle cells (MYOCYTES, CARDIAC) connected to form the contractile pump to generate blood flow.",0,0.842,0.0,0.0,0.0,0.0003,0.008,,0.0,"Non-cancer illness code, self-reported | Array 0__myocardial",1.16,553,"Non-cancer illness code, self-reported | Array 0__myocardial >= 0.19",0.02,0.02,2,237,0.07
"Blood clot, DVT, bronchitis, emphysema, asthma, rhinitis, eczema, allergy diagnosed by doctor Emphysema/chronic bronchitis|Asthma",C0087086,Thrombus,Thrombus. ,0,0.301,0.0,0.0,0.0,0.0003,0.0288,,0.0031,"Blood clot, DVT, bronchitis, emphysema, asthma, rhinitis, eczema, allergy diagnosed by doctor_Emphysema/chronic bronchitis|Asthma",1.0,17606,"Blood clot, DVT, bronchitis, emphysema, asthma, rhinitis, eczema, allergy diagnosed by doctor_Emphysema/chronic bronchitis|Asthma < 0.50",0.11,0.11,2,196,0.08
Mouth/teeth dental problems infrequent,C0576962,Tooth problem,Tooth problem. ,0,0.694,0.0,0.0,0.0,0.0003,0.0301,,0.0,Mouth/teeth dental problems_infrequent_,1.15,401,Mouth/teeth dental problems_infrequent_ >= 0.50,0.13,0.13,2,0,0.0
Job code at visit police,,,,0,1.0,0.0,0.0,0.0,0.0002,0.0093,,0.0017,Job code at visit__police,1.0,17633,Job code at visit__police < 0.24,-0.11,-0.11,2,80,0.28
Job code at visit transport distribution,C0005528,Biological Transport,Biological Transport. The movement of materials (including biochemical substances and drugs) through a biological system at the cellular level. The transport can be across cell membranes and epithelial layers. It also can occur within intracellular compartments and extracellular compartments.,0,0.215,0.0,0.0,0.0,0.0002,0.0288,,0.0049,Job code at visit__transport distribution,1.0,17651,Job code at visit__transport distribution < 0.28,-0.07,-0.07,3,199,66.33
diverticular disease,C4317009,Diverticular Diseases,Diverticular Diseases. Diseases of the DIVERTICULUM often due to infection and/or inflammation (DIVERTICULITIS).,0,0.866,0.0,0.0,0.0,0.0002,0.0,,0.0012,"Non-cancer illness code, self-reported | Array 1__diverticular disease",1.0,17615,"Non-cancer illness code, self-reported | Array 1__diverticular disease < 0.23",0.31,0.32,2,100,2.56
emphysema chronic,C1265792,Chronic emphysema,Chronic emphysema. ,0,0.982,0.0,0.0,0.0,0.0002,0.0004,,0.0,"Non-cancer illness code, self-reported | Array 1__emphysema chronic",1.0,17579,"Non-cancer illness code, self-reported | Array 1__emphysema chronic < 0.23",0.1,0.28,2,136,5.44
Job code at visit officers sergeant,,,,0,1.0,0.0,0.0,0.0,0.0002,0.0096,,0.003,Job code at visit__officers sergeant,1.0,17640,Job code at visit__officers sergeant < 0.24,-0.07,-0.07,2,80,0.28
venous,C0042449,Veins,Veins. The vessels carrying blood away from the CAPILLARY BEDS.,0,0.813,0.0,0.0,0.0,0.0002,0.0037,,0.0,"Non-cancer illness code, self-reported | Array 2__venous",1.0,17654,"Non-cancer illness code, self-reported | Array 2__venous < 0.19",-0.05,-0.05,2,40,0.02
ovarian,C0205065,Ovarian,Ovarian. ,1,0.993,0.0,1.0,0.5,0.0002,0.1444,,0.0005,"Non-cancer illness code, self-reported | Array 0__ovarian",1.0,17630,"Non-cancer illness code, self-reported | Array 0__ovarian < 0.22",0.16,0.16,1,132,0.08
hayfever,C0018621,Hay fever,Hay fever. Allergic rhinitis caused by outdoor allergens.,0,0.728,0.0,0.0,0.0,0.0002,0.1039,,0.0003,"Non-cancer illness code, self-reported | Array 2__hayfever",1.0,17510,"Non-cancer illness code, self-reported | Array 2__hayfever < 0.22",-0.13,-0.13,2,107,0.25
disease diverticulitis,,,,0,1.0,0.0,0.0,0.0,0.0002,0.0,,0.0,"Non-cancer illness code, self-reported | Array 1__disease diverticulitis",1.0,17615,"Non-cancer illness code, self-reported | Array 1__disease diverticulitis < 0.23",0.27,0.27,2,80,0.28
"Medication for cholesterol, blood pressure or diabetes Medication Cholesterol lowering medication|Blood pressure medication|Insulin",,,,0,1.0,0.0,0.0,0.0,0.0001,0.0943,,0.0044,"Medication for cholesterol, blood pressure or diabetes Medication_Cholesterol lowering medication|Blood pressure medication|Insulin",1.0,17600,"Medication for cholesterol, blood pressure or diabetes Medication_Cholesterol lowering medication|Blood pressure medication|Insulin < 0.50",0.16,0.16,2,80,0.28
ureter stone,C0041951,Ureter,Ureter. One of a pair of thick-walled tubes that transports urine from the KIDNEY PELVIS to the URINARY BLADDER.,0,0.572,0.0,0.0,0.0,0.0001,0.0088,,0.001,"Non-cancer illness code, self-reported | Array 1__ureter stone",1.0,17645,"Non-cancer illness code, self-reported | Array 1__ureter stone < 0.12",0.35,0.54,2,6,0.01
Mouth/teeth dental problems Prefer not to answer,C0576962,Tooth problem,Tooth problem. ,0,0.779,0.0,0.0,0.0,0.0001,0.0336,,0.0053,Mouth/teeth dental problems_Prefer not to answer,1.0,17631,Mouth/teeth dental problems_Prefer not to answer < 0.50,0.16,0.21,2,0,0.0
Mental health conditions ever diagnosed by a professional disorder ptsd,C0038436,Post-Traumatic Stress Disorder,Post-Traumatic Stress Disorder. A class of traumatic stress disorders with symptoms that last more than one month.,0,0.55,0.0,0.0,0.0,0.0001,0.0869,,0.0023,Mental health conditions ever diagnosed by a professional__disorder ptsd,1.0,17618,Mental health conditions ever diagnosed by a professional__disorder ptsd < 0.24,-0.02,-0.02,2,188,0.14
medication ventolin,,,,0,1.0,0.0,0.0,0.0,0.0001,0.0429,,0.0068,Treatment/medication code | Array 0__ventolin,1.0,17649,Treatment/medication code | Array 0__ventolin < 0.24,-0.02,-0.02,2,80,0.28
Job code at visit personnel,,,,0,1.0,0.0,0.0,0.0,0.0001,0.0337,,0.0,Job code at visit__personnel,1.0,17579,Job code at visit__personnel < 0.17,-0.06,-0.06,2,80,0.28
Job code at visit institution managers,C0018704,Health care facility,Health care facility. Institutions which provide medical or health-related services.,0,0.211,0.0,0.0,0.0,0.0001,0.0484,,0.0034,Job code at visit__institution managers,1.0,17642,Job code at visit__institution managers < 0.26,0.01,0.01,2,161,0.18
Malignant neoplasm of female breast,C0006826,Malignant Neoplasms,"Malignant Neoplasms. A tumor composed of atypical neoplastic, often pleomorphic cells that invade other tissues. Malignant neoplasms often metastasize to distant anatomic sites and may recur after excision. The most common malignant neoplasms are carcinomas, Hodgkin and non-Hodgkin lymphomas, leukemias, melanomas, and sarcomas.",3,0.328,0.0,1.0,0.3,0.0001,0.0939,,0.0,Malignant neoplasm of female breast,1.0,17246,-1.50 <= Malignant neoplasm of female breast < 3.10,0.02,0.02,1,158,0.01
Mental health conditions ever diagnosed by a professional disorder panic,C0030318,Panic,"Panic. A state of extreme acute, intense anxiety and unreasoning fear accompanied by disorganization of personality function.",0,0.665,0.0,0.0,0.0,0.0001,0.1795,,0.0068,Mental health conditions ever diagnosed by a professional__disorder panic,1.0,17662,Mental health conditions ever diagnosed by a professional__disorder panic < 0.22,-0.08,-0.08,2,102,0.63
ureter,C0041951,Ureter,Ureter. One of a pair of thick-walled tubes that transports urine from the KIDNEY PELVIS to the URINARY BLADDER.,0,0.766,0.0,0.0,0.0,0.0001,0.0088,,0.0028,"Non-cancer illness code, self-reported | Array 1__ureter",1.0,17645,"Non-cancer illness code, self-reported | Array 1__ureter < 0.12",0.19,0.24,2,6,0.01
diverticulitis,C0012813,Diverticulitis,Diverticulitis. Inflammation of a DIVERTICULUM or diverticula.,0,0.923,0.0,0.0,0.0,0.0001,0.0047,,0.004,"Non-cancer illness code, self-reported | Array 2__diverticulitis",1.0,17630,"Non-cancer illness code, self-reported | Array 2__diverticulitis < 0.23",0.32,0.32,2,0,0.0
prostate,C0033572,Prostate,"Prostate. A gland in males that surrounds the neck of the URINARY BLADDER and the URETHRA. It secretes a substance that liquefies coagulated semen. It is situated in the pelvic cavity behind the lower part of the PUBIC SYMPHYSIS, above the deep layer of the triangular ligament, and rests upon the RECTUM.",0,0.668,0.0,0.0,0.0,0.0001,0.1715,,0.0,"Non-cancer illness code, self-reported | Array 1__prostate",1.0,17601,"Non-cancer illness code, self-reported | Array 1__prostate < 0.26",0.17,0.17,2,104,0.04
eye,C0015392,Eye,Eye. The organ of sight constituting a pair of globular organs made up of a three-layered roughly spherical structure specialized for receiving and responding to light.,0,0.603,0.0,0.0,0.0,0.0001,0.1317,,0.0,"Non-cancer illness code, self-reported | Array 1__eye",1.0,17632,"Non-cancer illness code, self-reported | Array 1__eye < 0.23",0.13,0.14,2,456,0.06
chronic,C1555457,Provision of recurring care for chronic illness,Provision of recurring care for chronic illness. <p>Provision of recurring care for chronic illness.</p>,0,0.474,0.0,0.0,0.0,0.0001,0.0013,,0.0,"Non-cancer illness code, self-reported | Array 1__chronic",1.0,17486,"Non-cancer illness code, self-reported | Array 1__chronic < 0.21",0.11,0.17,99,0,0.0
Job code at visit strategy planning,,,,0,1.0,0.0,0.0,0.0,0.0001,0.0142,,0.0084,Job code at visit__strategy planning,1.0,17609,Job code at visit__strategy planning < 0.24,-0.05,-0.05,2,80,0.28
Mental health conditions ever diagnosed by a professional ptsd,,,,0,1.0,0.0,0.0,0.0,0.0001,0.0869,,0.0034,Mental health conditions ever diagnosed by a professional__ptsd,1.0,17618,Mental health conditions ever diagnosed by a professional__ptsd < 0.24,-0.02,-0.02,2,80,0.28
kidney,C0022646,Kidney,Kidney. Body organ that filters blood for the secretion of URINE and that regulates ion concentrations.,1,0.676,0.0,1.0,0.3,0.0001,0.1025,,0.0098,"Non-cancer illness code, self-reported | Array 3__kidney",1.0,17629,"Non-cancer illness code, self-reported | Array 3__kidney < 0.34",0.21,0.21,1,54,0.01
Mental health conditions ever diagnosed by a professional post,,,,0,1.0,0.0,0.0,0.0,0.0001,0.0869,,0.0059,Mental health conditions ever diagnosed by a professional__post,1.0,17618,Mental health conditions ever diagnosed by a professional__post < 0.24,0.04,0.04,2,80,0.28
spine arthritis,C0949690,Spondylarthritis,"Spondylarthritis. Inflammation of the joints of the SPINE, the intervertebral articulations.",0,0.863,0.0,0.0,0.0,0.0001,0.0295,,0.0001,"Non-cancer illness code, self-reported | Array 1__spine arthritis",1.0,17639,"Non-cancer illness code, self-reported | Array 1__spine arthritis < 0.23",0.18,0.27,2,222,0.53
Job code at visit filing,,,,0,1.0,0.0,0.0,0.0,0.0001,0.0283,,0.0016,Job code at visit__filing,1.0,17649,Job code at visit__filing < 0.22,-0.08,-0.08,2,80,0.28
dvt,C0149871,Deep Vein Thrombosis,"Deep Vein Thrombosis. A blood clot in a deep vein, predominantly in the lower extremity, but may include the pelvis or upper extremity.",0,0.391,0.0,0.0,0.0,0.0001,0.0001,,0.0017,"Non-cancer illness code, self-reported | Array 2__dvt",1.0,17601,"Non-cancer illness code, self-reported | Array 2__dvt < 0.17",0.05,0.07,2,31,0.03
spondylitis,C0038012,Spondylitis,Spondylitis. Inflammation of the SPINE. This includes both arthritic and non-arthritic conditions.,0,0.904,0.0,0.0,0.0,0.0001,0.0376,,0.0037,"Non-cancer illness code, self-reported | Array 1__spondylitis",1.0,17623,"Non-cancer illness code, self-reported | Array 1__spondylitis < 0.22",0.24,0.27,2,39,0.25
pulmonary embolism,C0034065,Pulmonary Embolism,Pulmonary Embolism. Blocking of the PULMONARY ARTERY or one of its branches by an EMBOLUS.,0,0.886,0.0,0.0,0.0,0.0001,0.0058,,0.0007,"Non-cancer illness code, self-reported | Array 2__pulmonary embolism",1.0,17639,"Non-cancer illness code, self-reported | Array 2__pulmonary embolism < 0.23",0.16,0.16,2,36,0.03
medication cerazette 75micrograms,,,,0,1.0,0.0,0.0,0.0,0.0,0.1763,,0.001,Treatment/medication code | Array 0__cerazette 75micrograms,1.0,17660,Treatment/medication code | Array 0__cerazette 75micrograms < 0.24,0.03,0.03,2,80,0.28
medication d3 5g,,,,0,1.0,0.0,0.0,0.0,0.0,0.0543,,0.0028,Treatment/medication code | Array 0__d3 5g,1.0,17571,Treatment/medication code | Array 0__d3 5g < 0.16,0.06,0.06,2,80,0.28
medication chewable tablet,C0039225,Tablet Dosage Form,"Tablet Dosage Form. Solid dosage forms, of varying weight, size, and shape, which may be molded or compressed, and which contain a medicinal substance in pure or diluted form. (Dorland, 28th ed)",0,0.519,0.0,0.0,0.0,0.0,0.0585,,0.0037,Treatment/medication code | Array 0__chewable tablet,1.0,17490,Treatment/medication code | Array 0__chewable tablet < 0.15,0.15,0.28,2,0,0.0
medication 100micrograms inhaler,C0021461,Inhaler,Inhaler. A device by means of which a medicinal product can be administered by inspiration through the nose or the mouth.,0,0.59,0.0,0.0,0.0,0.0,0.0358,,0.0,Treatment/medication code | Array 0__100micrograms inhaler,1.0,17644,Treatment/medication code | Array 0__100micrograms inhaler < 0.23,-0.06,-0.06,2,195,0.99
thyrotoxicosis,C0040156,Thyrotoxicosis,Thyrotoxicosis. A hypermetabolic syndrome caused by excess THYROID HORMONES which may come from endogenous or exogenous sources. The endogenous source of hormone may be thyroid HYPERPLASIA; THYROID NEOPLASMS; or hormone-producing extrathyroidal tissue. Thyrotoxicosis is characterized by NERVOUSNESS; TACHYCARDIA; FATIGUE; WEIGHT LOSS; heat intolerance; and excessive SWEATING.,0,0.874,0.0,0.0,0.0,0.0,0.1574,,0.0025,"Non-cancer illness code, self-reported | Array 1__thyrotoxicosis",1.0,17638,"Non-cancer illness code, self-reported | Array 1__thyrotoxicosis < 0.29",0.22,0.22,2,0,0.0
Eye problems/disorders Injury or trauma resulting in loss of vision,C0043251,Wounds and Injuries,"Wounds and Injuries. Damage inflicted on the body as the direct or indirect result of an external force, with or without disruption of structural continuity.",0,0.537,0.0,0.0,0.0,0.0,0.1075,,0.0069,Eye problems/disorders_Injury or trauma resulting in loss of vision,1.0,17610,Eye problems/disorders_Injury or trauma resulting in loss of vision < 0.50,0.19,0.19,2,105,0.03
medication free text,,,,0,1.0,0.0,0.0,0.0,0.0,0.1143,,0.0048,Treatment/medication code | Array 0__free text,1.13,294,Treatment/medication code | Array 0__free text >= 0.17,-0.15,-0.15,2,80,0.28
Mineral and other dietary supplements Fish oil (including cod liver oil)|Glucosamine|Zinc,C0026162,Minerals,"Minerals. Native, inorganic or fossilized organic substances having a definite chemical composition and formed by inorganic reactions. They may occur as individual crystals or may be disseminated in some other mineral or rock. (Grant & Hackh's Chemical Dictionary, 5th ed; McGraw-Hill Dictionary of Scientific and Technical Terms, 4th ed)",0,0.152,0.0,0.0,0.0,0.0,0.0169,,0.0041,Mineral and other dietary supplements_Fish oil (including cod liver oil)|Glucosamine|Zinc,1.0,17625,Mineral and other dietary supplements_Fish oil (including cod liver oil)|Glucosamine|Zinc < 0.50,0.09,0.09,2,0,0.0
medication 75mg tablet,C0039225,Tablet Dosage Form,"Tablet Dosage Form. Solid dosage forms, of varying weight, size, and shape, which may be molded or compressed, and which contain a medicinal substance in pure or diluted form. (Dorland, 28th ed)",0,0.31,0.0,0.0,0.0,0.0,0.1786,,0.0029,Treatment/medication code | Array 0__75mg tablet,1.0,17606,Treatment/medication code | Array 0__75mg tablet < 0.26,0.06,0.06,2,0,0.0
asthma,C0004096,Asthma,"Asthma. A form of bronchial disorder with three distinct components: airway hyper-responsiveness (RESPIRATORY HYPERSENSITIVITY), airway INFLAMMATION, and intermittent AIRWAY OBSTRUCTION. It is characterized by spasmodic contraction of airway smooth muscle, WHEEZING, and dyspnea (DYSPNEA, PAROXYSMAL).",0,0.508,0.0,0.0,0.0,0.0,0.0045,,0.0,"Non-cancer illness code, self-reported | Array 3__asthma",1.0,17642,"Non-cancer illness code, self-reported | Array 3__asthma < 0.50",0.09,0.16,2,0,0.0
tissue problem,,,,0,1.0,0.0,0.0,0.0,0.0,0.074,,0.0015,"Non-cancer illness code, self-reported | Array 1__tissue problem",1.0,17648,"Non-cancer illness code, self-reported | Array 1__tissue problem < 0.21",0.22,0.25,2,80,0.28
