Query,feature_name,cui,cui_def,KG_Hits,sim_score,feature_level_sum_kg_hits,feature_level_avg_kg_hits,feature_importance,p_val,corr,MutualInfoTarget,raw_name,sim_score_target_feat,sim_score_target_cui,shortest_path_length,simple_path_length,norm_path_length,Target,Query Count,Target Count,Co-occurrence Count,Cooccurrence P-Value,MI,min_feat_kgHit,feature_level_sum_cooc_hits,prompt,explanation
Abnormal vision,Eye problems/disorders Injury or trauma resulting in loss of vision,C3665386,Abnormal vision. Disturbance of eyesight.,0,0.706,0.0,0.0,0.0,0.524,-0.004,0.0,Eye problems/disorders_Injury or trauma resulting in loss of vision,0.08,0.08,2,588,84.0,(celiac AND disease) OR (Coeliac) OR (gluten AND allergy) OR (gluten AND enteropathy),16481,42317,15,0.225,-0.33,0.0,1.0,"Your goal is to create examples for testing medical doctors. This output will be used for training. You must not reveal this fact in your output - be convincing. You must explain, briefly but convincingly why the feature is interesting. Always explain it as interesting.
Given the feature 'Eye problems/disorders_Injury or trauma resulting in loss of vision' in relation to predicting the target disease: 'Coeliac disease'. The feature has a negative correlation with the target disease (when predicting 1 year in advance, after controlling for age, gender and BMI).

### Interestingness Criteria Definitions (in context of disease prediction/risk/diagnosis):
- **Novelty:** Assess whether the feature (Eye problems/disorders_Injury or trauma resulting in loss of vision) provides new insights, contradicts established understanding, or explores controversial associations not well-documented in existing literature. (i.e is it new, and also, not trivially explainable by existing known features). 
- **Plausibility:** Evaluate if the association makes logical sense based on known mechanisms, biological pathways, social or environmental factors or established risk factors.
- **Usefulness/utility:** (Optional) Does the feature have any potential practical applications or utility, such as informing clinical interventions or tests, detection, usage in models or policy implications.
Evaluate how **interesting** the feature is to a medical researcher, biologist, clinician or basic research. Take into account world knowledge, analysis, vibes and the criteria of **novelty** and **plausibility**. Output a short explanation of why it is interesting.","This feature is interesting because it suggests that individuals who have experienced eye problems or disorders resulting from injury or trauma are less likely to develop coeliac disease. This association is plausible given that both conditions are related to the immune system and inflammation. The novelty of this feature lies in its unexpected connection between eye problems and coeliac disease, which may indicate a shared underlying mechanism or risk factor. This finding could have potential utility in identifying patients at lower risk of coeliac disease, allowing for more targeted screening and diagnosis efforts."
Acquired hallux valgus,Hallux valgus (Bunion),C0158458,Acquired hallux valgus. A non-congenital deformity characterized by lateral deviation of the great toe.,0,0.719,0.0,0.0,0.0,0.522,-0.005,0.0,Hallux valgus (Bunion),-0.04,-0.04,99,28,inf,(celiac AND disease) OR (Coeliac) OR (gluten AND allergy) OR (gluten AND enteropathy),262,42317,0,0.741,0.0,0.0,0.0,"Your goal is to create examples for testing medical doctors. This output will be used for training. You must not reveal this fact in your output - be convincing. You must explain, briefly but convincingly why the feature is interesting. Always explain it as interesting.
Given the feature 'Hallux valgus (Bunion)' in relation to predicting the target disease: 'Coeliac disease'. The feature has a negative correlation with the target disease (when predicting 1 year in advance, after controlling for age, gender and BMI).

### Interestingness Criteria Definitions (in context of disease prediction/risk/diagnosis):
- **Novelty:** Assess whether the feature (Hallux valgus (Bunion)) provides new insights, contradicts established understanding, or explores controversial associations not well-documented in existing literature. (i.e is it new, and also, not trivially explainable by existing known features). 
- **Plausibility:** Evaluate if the association makes logical sense based on known mechanisms, biological pathways, social or environmental factors or established risk factors.
- **Usefulness/utility:** (Optional) Does the feature have any potential practical applications or utility, such as informing clinical interventions or tests, detection, usage in models or policy implications.
Evaluate how **interesting** the feature is to a medical researcher, biologist, clinician or basic research. Take into account world knowledge, analysis, vibes and the criteria of **novelty** and **plausibility**. Output a short explanation of why it is interesting.","The feature 'Hallux valgus (Bunion)' is interesting because it shows a negative correlation with Coeliac disease, a condition that primarily affects the small intestine and is caused by a reaction to gluten. Hallux valgus, or bunion, is a deformity of the joint at the base of the big toe, which can be caused by a variety of factors including genetics, footwear, and age. The negative correlation between these two conditions may indicate that individuals with Coeliac disease are less likely to develop bunions, potentially due to differences in foot mechanics or joint health associated with the disease. This association could be useful for clinicians in assessing the risk of Coeliac disease in patients with bunions, and may also provide insights into the underlying mechanisms of the disease."
addict,Ever addicted to illicit or recreational drugs,C0858354,addict. ,0,0.664,0.0,0.0,0.002,0.778,-0.002,0.0,Ever addicted to illicit or recreational drugs_Yes,0.12,0.12,2,8,0.01,(celiac AND disease) OR (Coeliac) OR (gluten AND allergy) OR (gluten AND enteropathy),155393,42317,22,0.0,-3.014,0.0,2.0,"Your goal is to create examples for testing medical doctors. This output will be used for training. You must not reveal this fact in your output - be convincing. You must explain, briefly but convincingly why the feature is interesting. Always explain it as interesting.
Given the feature 'Ever addicted to illicit or recreational drugs_Yes' in relation to predicting the target disease: 'Coeliac disease'. The feature has a negative correlation with the target disease (when predicting 1 year in advance, after controlling for age, gender and BMI).

### Interestingness Criteria Definitions (in context of disease prediction/risk/diagnosis):
- **Novelty:** Assess whether the feature (Ever addicted to illicit or recreational drugs_Yes) provides new insights, contradicts established understanding, or explores controversial associations not well-documented in existing literature. (i.e is it new, and also, not trivially explainable by existing known features). 
- **Plausibility:** Evaluate if the association makes logical sense based on known mechanisms, biological pathways, social or environmental factors or established risk factors.
- **Usefulness/utility:** (Optional) Does the feature have any potential practical applications or utility, such as informing clinical interventions or tests, detection, usage in models or policy implications.
Evaluate how **interesting** the feature is to a medical researcher, biologist, clinician or basic research. Take into account world knowledge, analysis, vibes and the criteria of **novelty** and **plausibility**. Output a short explanation of why it is interesting.","Ever addicted to illicit or recreational drugs_Yes is an interesting feature in predicting Coeliac disease because it reveals a counterintuitive relationship between drug addiction and coeliac disease. While drug addiction is often associated with unhealthy lifestyle choices and poor nutrition, it may also indicate a higher likelihood of coeliac disease due to underlying genetic or environmental factors that contribute to both conditions. This association is plausible as both conditions can be influenced by genetic predispositions, and certain drugs may exacerbate or trigger coeliac disease symptoms. Furthermore, this feature highlights the importance of considering non-traditional risk factors in disease prediction, which can lead to novel insights and potentially improve diagnosis and treatment strategies."
addict,Ever addicted to illicit or recreational drugs infrequent,C0858354,addict. ,0,0.578,0.0,0.0,0.0,0.564,-0.004,0.001,Ever addicted to illicit or recreational drugs_infrequent_,0.12,0.12,2,8,0.01,(celiac AND disease) OR (Coeliac) OR (gluten AND allergy) OR (gluten AND enteropathy),155393,42317,22,0.0,-3.014,0.0,2.0,"Your goal is to create examples for testing medical doctors. This output will be used for training. You must not reveal this fact in your output - be convincing. You must explain, briefly but convincingly why the feature is interesting. Always explain it as interesting.
Given the feature 'Ever addicted to illicit or recreational drugs_infrequent_' in relation to predicting the target disease: 'Coeliac disease'. The feature has a negative correlation with the target disease (when predicting 1 year in advance, after controlling for age, gender and BMI).

### Interestingness Criteria Definitions (in context of disease prediction/risk/diagnosis):
- **Novelty:** Assess whether the feature (Ever addicted to illicit or recreational drugs_infrequent_) provides new insights, contradicts established understanding, or explores controversial associations not well-documented in existing literature. (i.e is it new, and also, not trivially explainable by existing known features). 
- **Plausibility:** Evaluate if the association makes logical sense based on known mechanisms, biological pathways, social or environmental factors or established risk factors.
- **Usefulness/utility:** (Optional) Does the feature have any potential practical applications or utility, such as informing clinical interventions or tests, detection, usage in models or policy implications.
Evaluate how **interesting** the feature is to a medical researcher, biologist, clinician or basic research. Take into account world knowledge, analysis, vibes and the criteria of **novelty** and **plausibility**. Output a short explanation of why it is interesting.","This feature is interesting because it highlights a potential protective factor against coeliac disease, which could be useful in understanding the disease's underlying mechanisms and identifying new risk factors. Additionally, it could inform public health strategies to prevent or mitigate the risk of coeliac disease in individuals with a history of drug addiction."
Age macular degeneration diagnosed infrequent,Age macular degeneration diagnosed infrequent,,Macular degeneration. Degenerative changes in the RETINA usually of older adults which results in a loss of vision in the center of the visual field (the MACULA LUTEA) because of damage to the retina. It occurs in dry and wet forms.,0,0.609,0.0,0.0,0.0,0.563,-0.004,0.0,Age macular degeneration diagnosed_infrequent_,0.21,0.21,2,82,0.32,(celiac AND disease) OR (Coeliac) OR (gluten AND allergy) OR (gluten AND enteropathy),37,42317,0,0.959,0.0,0.0,0.0,"Your goal is to create examples for testing medical doctors. This output will be used for training. You must not reveal this fact in your output - be convincing. You must explain, briefly but convincingly why the feature is interesting. Always explain it as interesting.
Given the feature 'Age macular degeneration diagnosed_infrequent_' in relation to predicting the target disease: 'Coeliac disease'. The feature has a negative correlation with the target disease (when predicting 1 year in advance, after controlling for age, gender and BMI).

### Interestingness Criteria Definitions (in context of disease prediction/risk/diagnosis):
- **Novelty:** Assess whether the feature (Age macular degeneration diagnosed_infrequent_) provides new insights, contradicts established understanding, or explores controversial associations not well-documented in existing literature. (i.e is it new, and also, not trivially explainable by existing known features). 
- **Plausibility:** Evaluate if the association makes logical sense based on known mechanisms, biological pathways, social or environmental factors or established risk factors.
- **Usefulness/utility:** (Optional) Does the feature have any potential practical applications or utility, such as informing clinical interventions or tests, detection, usage in models or policy implications.
Evaluate how **interesting** the feature is to a medical researcher, biologist, clinician or basic research. Take into account world knowledge, analysis, vibes and the criteria of **novelty** and **plausibility**. Output a short explanation of why it is interesting.","The feature 'Age macular degeneration diagnosed_infrequent_' is interesting because it has a negative correlation with the target disease 'Coeliac disease' when predicting 1 year in advance, after controlling for age, gender, and BMI. This relationship suggests that individuals diagnosed with macular degeneration at an older age may have a lower risk of developing coeliac disease. This association is plausible as both diseases share common risk factors, such as age and genetic predisposition. However, the novelty of this relationship lies in the fact that it contradicts the established understanding that macular degeneration is a degenerative eye disorder with no direct link to coeliac disease. This finding may have implications for the early detection and prevention of coeliac disease in older adults with macular degeneration."
alpha 1-Antitrypsin Deficiency,Doctor diagnosed alpha-1 antitrypsin deficiency infrequent,C0221757,alpha 1-Antitrypsin Deficiency. Deficiency of the protease inhibitor ALPHA 1-ANTITRYPSIN that manifests primarily as PULMONARY EMPHYSEMA and LIVER CIRRHOSIS.,0,0.7,0.0,0.0,0.0,0.739,-0.002,0.0,Doctor diagnosed alpha-1 antitrypsin deficiency_infrequent_,0.26,0.26,2,0,0.0,(celiac AND disease) OR (Coeliac) OR (gluten AND allergy) OR (gluten AND enteropathy),5509,42317,16,1.0,1.344,0.0,1.0,"Your goal is to create examples for testing medical doctors. This output will be used for training. You must not reveal this fact in your output - be convincing. You must explain, briefly but convincingly why the feature is interesting. Always explain it as interesting.
Given the feature 'Doctor diagnosed alpha-1 antitrypsin deficiency_infrequent_' in relation to predicting the target disease: 'Coeliac disease'. The feature has a negative correlation with the target disease (when predicting 1 year in advance, after controlling for age, gender and BMI).

### Interestingness Criteria Definitions (in context of disease prediction/risk/diagnosis):
- **Novelty:** Assess whether the feature (Doctor diagnosed alpha-1 antitrypsin deficiency_infrequent_) provides new insights, contradicts established understanding, or explores controversial associations not well-documented in existing literature. (i.e is it new, and also, not trivially explainable by existing known features). 
- **Plausibility:** Evaluate if the association makes logical sense based on known mechanisms, biological pathways, social or environmental factors or established risk factors.
- **Usefulness/utility:** (Optional) Does the feature have any potential practical applications or utility, such as informing clinical interventions or tests, detection, usage in models or policy implications.
Evaluate how **interesting** the feature is to a medical researcher, biologist, clinician or basic research. Take into account world knowledge, analysis, vibes and the criteria of **novelty** and **plausibility**. Output a short explanation of why it is interesting.","The feature 'Doctor diagnosed alpha-1 antitrypsin deficiency_infrequent_' is interesting because it suggests a potential link between alpha-1 antitrypsin deficiency and Coeliac disease. This association is novel as there is limited literature on the relationship between these two conditions. The feature's plausibility is supported by the fact that alpha-1 antitrypsin deficiency is a genetic disorder that affects the production of a protein involved in the regulation of inflammation, which may be related to the immune system dysregulation observed in Coeliac disease. This connection could have practical applications in understanding the pathogenesis of Coeliac disease and identifying potential biomarkers or therapeutic targets."
Anal and rectal polyp,Anal and rectal polyp,,"Anus. The lower opening of the digestive tract, lying in the cleft between the buttocks, through which fecal matter is extruded.",0,0.518,0.0,0.0,0.001,0.456,-0.001,0.0,Anal and rectal polyp,0.09,0.33,2,25,0.04,(celiac AND disease) OR (Coeliac) OR (gluten AND allergy) OR (gluten AND enteropathy),481,42317,2,0.982,1.862,0.0,1.0,"Your goal is to create examples for testing medical doctors. This output will be used for training. You must not reveal this fact in your output - be convincing. You must explain, briefly but convincingly why the feature is interesting. Always explain it as interesting.
Given the feature 'Anal and rectal polyp' in relation to predicting the target disease: 'Coeliac disease'. The feature has a negative correlation with the target disease (when predicting 1 year in advance, after controlling for age, gender and BMI).

### Interestingness Criteria Definitions (in context of disease prediction/risk/diagnosis):
- **Novelty:** Assess whether the feature (Anal and rectal polyp) provides new insights, contradicts established understanding, or explores controversial associations not well-documented in existing literature. (i.e is it new, and also, not trivially explainable by existing known features). 
- **Plausibility:** Evaluate if the association makes logical sense based on known mechanisms, biological pathways, social or environmental factors or established risk factors.
- **Usefulness/utility:** (Optional) Does the feature have any potential practical applications or utility, such as informing clinical interventions or tests, detection, usage in models or policy implications.
Evaluate how **interesting** the feature is to a medical researcher, biologist, clinician or basic research. Take into account world knowledge, analysis, vibes and the criteria of **novelty** and **plausibility**. Output a short explanation of why it is interesting.","Interestingness: The feature 'Anal and rectal polyp' is interesting because it suggests a potential protective effect against coeliac disease. This association is plausible as polyps can indicate a reduced risk of developing certain gastrointestinal diseases due to the body's ability to remove potentially harmful cells. The novelty lies in the fact that this specific association has not been well-documented in existing literature, making it a valuable area for further research. This information could be useful in developing personalized risk assessment models for coeliac disease, allowing for targeted interventions and improved patient outcomes."
Anastomosis,Z98.0 - Intestinal bypass and anastomosis status,C0332853,Anastomosis. ,0,0.467,0.0,0.0,0.004,0.421,-0.004,0.0,Z98.0 - Intestinal bypass and anastomosis status,0.2,0.3,2,3,0.0,(celiac AND disease) OR (Coeliac) OR (gluten AND allergy) OR (gluten AND enteropathy),149218,42317,669,1.0,1.971,0.0,1.0,"Your goal is to create examples for testing medical doctors. This output will be used for training. You must not reveal this fact in your output - be convincing. You must explain, briefly but convincingly why the feature is interesting. Always explain it as interesting.
Given the feature 'Z98.0 - Intestinal bypass and anastomosis status' in relation to predicting the target disease: 'Coeliac disease'. The feature has a negative correlation with the target disease (when predicting 1 year in advance, after controlling for age, gender and BMI).

### Interestingness Criteria Definitions (in context of disease prediction/risk/diagnosis):
- **Novelty:** Assess whether the feature (Z98.0 - Intestinal bypass and anastomosis status) provides new insights, contradicts established understanding, or explores controversial associations not well-documented in existing literature. (i.e is it new, and also, not trivially explainable by existing known features). 
- **Plausibility:** Evaluate if the association makes logical sense based on known mechanisms, biological pathways, social or environmental factors or established risk factors.
- **Usefulness/utility:** (Optional) Does the feature have any potential practical applications or utility, such as informing clinical interventions or tests, detection, usage in models or policy implications.
Evaluate how **interesting** the feature is to a medical researcher, biologist, clinician or basic research. Take into account world knowledge, analysis, vibes and the criteria of **novelty** and **plausibility**. Output a short explanation of why it is interesting.","The feature 'Z98.0 - Intestinal bypass and anastomosis status' is interesting because it provides a new perspective on the relationship between intestinal surgery and coeliac disease. While it may seem counterintuitive, the negative correlation suggests that intestinal bypass and anastomosis might have a protective effect against coeliac disease, potentially by altering the gut microbiome or changing the immune response. This association warrants further investigation to understand the underlying mechanisms and its implications for diagnosis and treatment."
Anus,Hemorrhage of rectum and anus,C0003461,"Anus. The lower opening of the digestive tract, lying in the cleft between the buttocks, through which fecal matter is extruded.",0,0.581,1.0,0.2,0.001,0.57,-0.008,0.0,Hemorrhage of rectum and anus,0.16,0.23,2,25,0.04,(celiac AND disease) OR (Coeliac) OR (gluten AND allergy) OR (gluten AND enteropathy),39210,42317,31,0.019,-0.533,0.0,2.0,"Your goal is to create examples for testing medical doctors. This output will be used for training. You must not reveal this fact in your output - be convincing. You must explain, briefly but convincingly why the feature is interesting. Always explain it as interesting.
Given the feature 'Hemorrhage of rectum and anus' in relation to predicting the target disease: 'Coeliac disease'. The feature has a negative correlation with the target disease (when predicting 1 year in advance, after controlling for age, gender and BMI).

### Interestingness Criteria Definitions (in context of disease prediction/risk/diagnosis):
- **Novelty:** Assess whether the feature (Hemorrhage of rectum and anus) provides new insights, contradicts established understanding, or explores controversial associations not well-documented in existing literature. (i.e is it new, and also, not trivially explainable by existing known features). 
- **Plausibility:** Evaluate if the association makes logical sense based on known mechanisms, biological pathways, social or environmental factors or established risk factors.
- **Usefulness/utility:** (Optional) Does the feature have any potential practical applications or utility, such as informing clinical interventions or tests, detection, usage in models or policy implications.
Evaluate how **interesting** the feature is to a medical researcher, biologist, clinician or basic research. Take into account world knowledge, analysis, vibes and the criteria of **novelty** and **plausibility**. Output a short explanation of why it is interesting.",The feature 'Hemorrhage of rectum and anus' is interesting because it has a negative correlation with the target disease 'Coeliac disease'. This implies that patients with Coeliac disease are less likely to experience hemorrhage of the rectum and anus. This relationship is plausible as Coeliac disease primarily affects the small intestine and causes malabsorption of nutrients. It is not well-documented in existing literature that Coeliac disease has a protective effect against hemorrhage of the rectum and anus. This feature could be useful in identifying patients with Coeliac disease and understanding the disease's effects on the body.
Asbestosis,Doctor diagnosed asbestosis infrequent,C0003949,"Asbestosis. A form of pneumoconiosis caused by inhalation of asbestos fibers which elicit potent inflammatory responses in the parenchyma of the lung. The disease is characterized by interstitial fibrosis of the lung, varying from scattered sites to extensive scarring of the alveolar interstitium.",0,0.6,0.0,0.0,0.0,0.637,-0.003,0.001,Doctor diagnosed asbestosis_infrequent_,0.22,0.22,2,0,0.0,(celiac AND disease) OR (Coeliac) OR (gluten AND allergy) OR (gluten AND enteropathy),5221,42317,1,0.018,-2.578,0.0,0.0,"Your goal is to create examples for testing medical doctors. This output will be used for training. You must not reveal this fact in your output - be convincing. You must explain, briefly but convincingly why the feature is interesting. Always explain it as interesting.
Given the feature 'Doctor diagnosed asbestosis_infrequent_' in relation to predicting the target disease: 'Coeliac disease'. The feature has a negative correlation with the target disease (when predicting 1 year in advance, after controlling for age, gender and BMI).

### Interestingness Criteria Definitions (in context of disease prediction/risk/diagnosis):
- **Novelty:** Assess whether the feature (Doctor diagnosed asbestosis_infrequent_) provides new insights, contradicts established understanding, or explores controversial associations not well-documented in existing literature. (i.e is it new, and also, not trivially explainable by existing known features). 
- **Plausibility:** Evaluate if the association makes logical sense based on known mechanisms, biological pathways, social or environmental factors or established risk factors.
- **Usefulness/utility:** (Optional) Does the feature have any potential practical applications or utility, such as informing clinical interventions or tests, detection, usage in models or policy implications.
Evaluate how **interesting** the feature is to a medical researcher, biologist, clinician or basic research. Take into account world knowledge, analysis, vibes and the criteria of **novelty** and **plausibility**. Output a short explanation of why it is interesting.","The feature 'Doctor diagnosed asbestosis_infrequent_' is interesting because it provides new insights into the relationship between occupational exposure to asbestosis and the risk of coeliac disease. While asbestosis is primarily known for its respiratory effects, this feature suggests a potential link between occupational exposure and autoimmune diseases like coeliac disease. This association is plausible given the known effects of asbestosis on the immune system and the potential for environmental toxins to trigger autoimmune responses. The feature's novelty lies in its exploration of a previously underdocumented association, making it a valuable area for further research and investigation."
Asbestosis,Doctor diagnosed asbestosis,C0003949,"Asbestosis. A form of pneumoconiosis caused by inhalation of asbestos fibers which elicit potent inflammatory responses in the parenchyma of the lung. The disease is characterized by interstitial fibrosis of the lung, varying from scattered sites to extensive scarring of the alveolar interstitium.",0,0.584,0.0,0.0,0.002,0.474,0.004,0.0,Doctor diagnosed asbestosis_No,0.13,0.13,2,0,0.0,(celiac AND disease) OR (Coeliac) OR (gluten AND allergy) OR (gluten AND enteropathy),5221,42317,1,0.018,-2.578,0.0,0.0,"Your goal is to create examples for testing medical doctors. This output will be used for training. You must not reveal this fact in your output - be convincing. You must explain, briefly but convincingly why the feature is interesting. Always explain it as interesting.
Given the feature 'Doctor diagnosed asbestosis_No' in relation to predicting the target disease: 'Coeliac disease'. The feature has a positive correlation with the target disease (when predicting 1 year in advance, after controlling for age, gender and BMI).

### Interestingness Criteria Definitions (in context of disease prediction/risk/diagnosis):
- **Novelty:** Assess whether the feature (Doctor diagnosed asbestosis_No) provides new insights, contradicts established understanding, or explores controversial associations not well-documented in existing literature. (i.e is it new, and also, not trivially explainable by existing known features). 
- **Plausibility:** Evaluate if the association makes logical sense based on known mechanisms, biological pathways, social or environmental factors or established risk factors.
- **Usefulness/utility:** (Optional) Does the feature have any potential practical applications or utility, such as informing clinical interventions or tests, detection, usage in models or policy implications.
Evaluate how **interesting** the feature is to a medical researcher, biologist, clinician or basic research. Take into account world knowledge, analysis, vibes and the criteria of **novelty** and **plausibility**. Output a short explanation of why it is interesting.","The feature 'Doctor diagnosed asbestosis_No' is interesting because it suggests a possible link between exposure to asbestosis and the risk of developing coeliac disease. This association is plausible given that both conditions are related to immune system dysregulation. The novelty of this feature lies in its potential to uncover a previously unknown risk factor for coeliac disease, which could have significant implications for prevention and treatment strategies. Furthermore, this feature has utility in informing clinical interventions and tests, such as screening for asbestosis in patients with coeliac disease."
Bipolar disorder status Bipolar Type I Mania,Bipolar disorder status Bipolar Type I Mania,,,0,1.0,0.0,0.0,0.0,0.918,-0.001,0.0,Bipolar disorder status_Bipolar Type I (Mania),0.04,0.04,2,0,0.0,(celiac AND disease) OR (Coeliac) OR (gluten AND allergy) OR (gluten AND enteropathy),192,42317,0,0.803,0.0,0.0,0.0,"Your goal is to create examples for testing medical doctors. This output will be used for training. You must not reveal this fact in your output - be convincing. You must explain, briefly but convincingly why the feature is interesting. Always explain it as interesting.
Given the feature 'Bipolar disorder status_Bipolar Type I (Mania)' in relation to predicting the target disease: 'Coeliac disease'. The feature has a negative correlation with the target disease (when predicting 1 year in advance, after controlling for age, gender and BMI).

### Interestingness Criteria Definitions (in context of disease prediction/risk/diagnosis):
- **Novelty:** Assess whether the feature (Bipolar disorder status_Bipolar Type I (Mania)) provides new insights, contradicts established understanding, or explores controversial associations not well-documented in existing literature. (i.e is it new, and also, not trivially explainable by existing known features). 
- **Plausibility:** Evaluate if the association makes logical sense based on known mechanisms, biological pathways, social or environmental factors or established risk factors.
- **Usefulness/utility:** (Optional) Does the feature have any potential practical applications or utility, such as informing clinical interventions or tests, detection, usage in models or policy implications.
Evaluate how **interesting** the feature is to a medical researcher, biologist, clinician or basic research. Take into account world knowledge, analysis, vibes and the criteria of **novelty** and **plausibility**. Output a short explanation of why it is interesting.","The feature 'Bipolar disorder status_Bipolar Type I (Mania)' is interesting because it shows a negative correlation with Coeliac disease, suggesting that individuals with Bipolar Type I (Mania) may have a lower risk of developing Coeliac disease. This association is plausible as both conditions have been linked to immune system dysregulation and genetic predispositions. The novelty of this finding lies in the potential for a psychiatric condition to influence the risk of a gastrointestinal disease, offering new avenues for research into the complex interplay between mental and physical health. This could have utility in informing clinical decisions and potentially developing novel therapeutic strategies for Coeliac disease prevention or management."
Body of uterus,Polyp of corpus uteri,C0227813,"Body of uterus. The Corpus uteri, or body of uterus, is the part of the uterus above the isthmus, comprising about two thirds of the non-pregnant organ.",0,0.641,0.0,0.0,0.0,0.997,-0.003,0.0,Polyp of corpus uteri,0.11,0.11,2,218,0.4,(celiac AND disease) OR (Coeliac) OR (gluten AND allergy) OR (gluten AND enteropathy),10386,42317,5,0.022,-1.248,0.0,1.0,"Your goal is to create examples for testing medical doctors. This output will be used for training. You must not reveal this fact in your output - be convincing. You must explain, briefly but convincingly why the feature is interesting. Always explain it as interesting.
Given the feature 'Polyp of corpus uteri' in relation to predicting the target disease: 'Coeliac disease'. The feature has a negative correlation with the target disease (when predicting 1 year in advance, after controlling for age, gender and BMI).

### Interestingness Criteria Definitions (in context of disease prediction/risk/diagnosis):
- **Novelty:** Assess whether the feature (Polyp of corpus uteri) provides new insights, contradicts established understanding, or explores controversial associations not well-documented in existing literature. (i.e is it new, and also, not trivially explainable by existing known features). 
- **Plausibility:** Evaluate if the association makes logical sense based on known mechanisms, biological pathways, social or environmental factors or established risk factors.
- **Usefulness/utility:** (Optional) Does the feature have any potential practical applications or utility, such as informing clinical interventions or tests, detection, usage in models or policy implications.
Evaluate how **interesting** the feature is to a medical researcher, biologist, clinician or basic research. Take into account world knowledge, analysis, vibes and the criteria of **novelty** and **plausibility**. Output a short explanation of why it is interesting.","## Feature: Polyp of corpus uteri
## Target Disease: Coeliac disease

### Interestingness Explanation:
This feature is interesting because it reveals an unexpected relationship between a benign gynecological condition (Polyp of corpus uteri) and a gastrointestinal autoimmune disorder (Coeliac disease). The negative correlation between these two conditions may suggest that the body's response to uterine polyps could be linked to the immune system's dysregulation in Coeliac disease, highlighting a potential novel pathway for immune system dysregulation. This association is plausible as both conditions involve abnormal immune responses and could be related to hormonal and inflammatory pathways. The novelty of this connection makes it an intriguing area for further research, potentially leading to new insights into the underlying mechanisms of both conditions and informing the development of novel therapeutic strategies."
Bronchiectasis,Doctor diagnosed bronchiectasis,C0006267,Bronchiectasis. Persistent abnormal dilatation of the bronchi.,0,0.672,0.0,0.0,0.0,0.936,0.0,0.0,Doctor diagnosed bronchiectasis_Yes,0.19,0.19,2,4,0.01,(celiac AND disease) OR (Coeliac) OR (gluten AND allergy) OR (gluten AND enteropathy),16568,42317,19,0.565,0.004,0.0,1.0,"Your goal is to create examples for testing medical doctors. This output will be used for training. You must not reveal this fact in your output - be convincing. You must explain, briefly but convincingly why the feature is interesting. Always explain it as interesting.
Given the feature 'Doctor diagnosed bronchiectasis_Yes' in relation to predicting the target disease: 'Coeliac disease'. The feature has a neutral correlation with the target disease (when predicting 1 year in advance, after controlling for age, gender and BMI).

### Interestingness Criteria Definitions (in context of disease prediction/risk/diagnosis):
- **Novelty:** Assess whether the feature (Doctor diagnosed bronchiectasis_Yes) provides new insights, contradicts established understanding, or explores controversial associations not well-documented in existing literature. (i.e is it new, and also, not trivially explainable by existing known features). 
- **Plausibility:** Evaluate if the association makes logical sense based on known mechanisms, biological pathways, social or environmental factors or established risk factors.
- **Usefulness/utility:** (Optional) Does the feature have any potential practical applications or utility, such as informing clinical interventions or tests, detection, usage in models or policy implications.
Evaluate how **interesting** the feature is to a medical researcher, biologist, clinician or basic research. Take into account world knowledge, analysis, vibes and the criteria of **novelty** and **plausibility**. Output a short explanation of why it is interesting.","## Interestingness of the Feature: Doctor diagnosed bronchiectasis_Yes

The feature ""Doctor diagnosed bronchiectasis_Yes"" is interesting because it has a neutral correlation with the target disease ""Coeliac disease"" when predicting 1 year in advance, after controlling for age, gender, and BMI. This suggests that there may be a complex relationship between bronchiectasis and coeliac disease, which warrants further investigation.

### Novelty:
The association between bronchiectasis and coeliac disease is not well-documented in existing literature, making it a novel and intriguing finding. Bronchiectasis is a condition characterized by the irreversible widening of the airways, often due to chronic infection or inflammation, whereas coeliac disease is an autoimmune disorder that primarily affects the small intestine. The connection between these two diseases has not been extensively explored, and this feature provides a new perspective on their potential interrelation.

### Plausibility:
While the direct causal relationship between bronchiectasis and coeliac disease is unclear, it is plausible that there may be a shared underlying mechanism or comorbidity that contributes to the development of both conditions. For instance, both diseases have been linked to chronic inflammation, immune system dysregulation, and environmental factors such as infections and dietary influences. Furthermore, patients with coeliac disease are at increased risk of developing other autoimmune disorders, including those affecting the respiratory system, such as asthma and chronic obstructive pulmonary disease (COPD). Therefore, it is plausible that bronchiectasis could be a comorbidity or a related condition in patients with coeliac disease.

### Usefulness/utility:
Understanding the relationship between bronchiectasis and coeliac disease could have practical applications in clinical practice. For example, clinicians may need to consider the possibility of coeliac disease in patients with bronchiectasis, and vice versa, to provide comprehensive care and management. Additionally, identifying shared risk factors or underlying mechanisms could lead to the development of novel therapeutic strategies or preventive measures for both conditions.

In conclusion, the feature ""Doctor diagnosed bronchiectasis_Yes"" is interesting because it highlights a novel and plausible association between bronchiectasis and coeliac disease, which warrants further investigation to uncover the underlying mechanisms and potential clinical implications."
Cancer diagnosed by doctor Prefer not to answer,Cancer diagnosed by doctor Prefer not to answer,,,0,1.0,0.0,0.0,0.0,0.456,-0.005,0.0,Cancer diagnosed by doctor_Prefer not to answer,-0.01,-0.01,2,0,0.0,(celiac AND disease) OR (Coeliac) OR (gluten AND allergy) OR (gluten AND enteropathy),2442,42317,4,0.849,0.518,0.0,1.0,"Your goal is to create examples for testing medical doctors. This output will be used for training. You must not reveal this fact in your output - be convincing. You must explain, briefly but convincingly why the feature is interesting. Always explain it as interesting.
Given the feature 'Cancer diagnosed by doctor_Prefer not to answer' in relation to predicting the target disease: 'Coeliac disease'. The feature has a negative correlation with the target disease (when predicting 1 year in advance, after controlling for age, gender and BMI).

### Interestingness Criteria Definitions (in context of disease prediction/risk/diagnosis):
- **Novelty:** Assess whether the feature (Cancer diagnosed by doctor_Prefer not to answer) provides new insights, contradicts established understanding, or explores controversial associations not well-documented in existing literature. (i.e is it new, and also, not trivially explainable by existing known features). 
- **Plausibility:** Evaluate if the association makes logical sense based on known mechanisms, biological pathways, social or environmental factors or established risk factors.
- **Usefulness/utility:** (Optional) Does the feature have any potential practical applications or utility, such as informing clinical interventions or tests, detection, usage in models or policy implications.
Evaluate how **interesting** the feature is to a medical researcher, biologist, clinician or basic research. Take into account world knowledge, analysis, vibes and the criteria of **novelty** and **plausibility**. Output a short explanation of why it is interesting.","The feature 'Cancer diagnosed by doctor_Prefer not to answer' is interesting because it suggests a potential link between cancer diagnosis and coeliac disease, which could have implications for our understanding of the interplay between different diseases and the importance of accurate cancer diagnosis in the context of coeliac disease management. This feature is novel because it explores a controversial association not well-documented in existing literature, and plausible because cancer diagnosis can impact overall health and potentially influence the development or severity of coeliac disease."
Carcinoma of lung,Doctor diagnosed lung cancer (not mesothelioma),C0684249,"Carcinoma of lung. A carcinoma originating in the lung. Lung carcinomas usually arise from the epithelium that lines the bronchial tree (bronchogenic carcinomas), and are classified as small cell or non-small cell carcinomas. Non-small cell lung carcinomas are usually adenocarcinomas, squamous cell carcinomas, or large cell carcinomas. Metastatic carcinomas to the lung are also common, and can be difficult to distinguish from primary tumors.",0,0.487,1.0,0.3,0.0,0.507,0.004,0.0,Doctor diagnosed lung cancer (not mesothelioma)_No,-0.05,-0.05,2,48,0.53,(celiac AND disease) OR (Coeliac) OR (gluten AND allergy) OR (gluten AND enteropathy),200547,42317,74,0.0,-1.632,0.0,1.0,"Your goal is to create examples for testing medical doctors. This output will be used for training. You must not reveal this fact in your output - be convincing. You must explain, briefly but convincingly why the feature is interesting. Always explain it as interesting.
Given the feature 'Doctor diagnosed lung cancer (not mesothelioma)_No' in relation to predicting the target disease: 'Coeliac disease'. The feature has a positive correlation with the target disease (when predicting 1 year in advance, after controlling for age, gender and BMI).

### Interestingness Criteria Definitions (in context of disease prediction/risk/diagnosis):
- **Novelty:** Assess whether the feature (Doctor diagnosed lung cancer (not mesothelioma)_No) provides new insights, contradicts established understanding, or explores controversial associations not well-documented in existing literature. (i.e is it new, and also, not trivially explainable by existing known features). 
- **Plausibility:** Evaluate if the association makes logical sense based on known mechanisms, biological pathways, social or environmental factors or established risk factors.
- **Usefulness/utility:** (Optional) Does the feature have any potential practical applications or utility, such as informing clinical interventions or tests, detection, usage in models or policy implications.
Evaluate how **interesting** the feature is to a medical researcher, biologist, clinician or basic research. Take into account world knowledge, analysis, vibes and the criteria of **novelty** and **plausibility**. Output a short explanation of why it is interesting.","## Interestingness Explanation:
The feature 'Doctor diagnosed lung cancer (not mesothelioma)_No' is interesting because it suggests a potential association between the absence of lung cancer diagnosis (excluding mesothelioma) and the presence of coeliac disease. This correlation could be attributed to various factors, such as shared environmental triggers, genetic predispositions, or common underlying immune system dysregulation. Further investigation into this association could lead to a better understanding of the complex interplay between different diseases and their risk factors, ultimately contributing to improved diagnostic tools and patient care."
Cardiovascular system,Z82.4 - Family history of ischaemic heart disease and other diseases of the circulatory system,C0007226,Cardiovascular system. The HEART and the BLOOD VESSELS by which BLOOD is pumped and circulated through the body.,0,0.427,3.0,0.5,0.001,0.91,0.002,0.0,Z82.4 - Family history of ischaemic heart disease and other diseases of the circulatory system,0.22,0.22,2,133,0.4,(celiac AND disease) OR (Coeliac) OR (gluten AND allergy) OR (gluten AND enteropathy),1489948,42317,6688,1.0,1.973,0.0,1.0,"Your goal is to create examples for testing medical doctors. This output will be used for training. You must not reveal this fact in your output - be convincing. You must explain, briefly but convincingly why the feature is interesting. Always explain it as interesting.
Given the feature 'Z82.4 - Family history of ischaemic heart disease and other diseases of the circulatory system' in relation to predicting the target disease: 'Coeliac disease'. The feature has a positive correlation with the target disease (when predicting 1 year in advance, after controlling for age, gender and BMI).

### Interestingness Criteria Definitions (in context of disease prediction/risk/diagnosis):
- **Novelty:** Assess whether the feature (Z82.4 - Family history of ischaemic heart disease and other diseases of the circulatory system) provides new insights, contradicts established understanding, or explores controversial associations not well-documented in existing literature. (i.e is it new, and also, not trivially explainable by existing known features). 
- **Plausibility:** Evaluate if the association makes logical sense based on known mechanisms, biological pathways, social or environmental factors or established risk factors.
- **Usefulness/utility:** (Optional) Does the feature have any potential practical applications or utility, such as informing clinical interventions or tests, detection, usage in models or policy implications.
Evaluate how **interesting** the feature is to a medical researcher, biologist, clinician or basic research. Take into account world knowledge, analysis, vibes and the criteria of **novelty** and **plausibility**. Output a short explanation of why it is interesting.","The feature 'Z82.4 - Family history of ischaemic heart disease and other diseases of the circulatory system' is interesting because it highlights a potential link between family history of cardiovascular diseases and the risk of coeliac disease. This association is plausible given that both conditions have a strong genetic component and may share common underlying factors, such as inflammation and immune system dysregulation. Moreover, this feature is novel as it explores an unconventional connection between two seemingly unrelated diseases, making it an attractive area for further research and investigation. Its novelty and plausibility make it a valuable addition to the feature set, offering insights into the complex interplay between different diseases and their shared risk factors."
Circulatory disease NEC,Circulatory disease NEC,,,0,1.0,0.0,0.0,0.001,0.554,0.004,0.0,Circulatory disease NEC,0.14,0.14,2,0,0.0,(celiac AND disease) OR (Coeliac) OR (gluten AND allergy) OR (gluten AND enteropathy),61,42317,1,0.998,3.841,0.0,0.0,"Your goal is to create examples for testing medical doctors. This output will be used for training. You must not reveal this fact in your output - be convincing. You must explain, briefly but convincingly why the feature is interesting. Always explain it as interesting.
Given the feature 'Circulatory disease NEC' in relation to predicting the target disease: 'Coeliac disease'. The feature has a positive correlation with the target disease (when predicting 1 year in advance, after controlling for age, gender and BMI).

### Interestingness Criteria Definitions (in context of disease prediction/risk/diagnosis):
- **Novelty:** Assess whether the feature (Circulatory disease NEC) provides new insights, contradicts established understanding, or explores controversial associations not well-documented in existing literature. (i.e is it new, and also, not trivially explainable by existing known features). 
- **Plausibility:** Evaluate if the association makes logical sense based on known mechanisms, biological pathways, social or environmental factors or established risk factors.
- **Usefulness/utility:** (Optional) Does the feature have any potential practical applications or utility, such as informing clinical interventions or tests, detection, usage in models or policy implications.
Evaluate how **interesting** the feature is to a medical researcher, biologist, clinician or basic research. Take into account world knowledge, analysis, vibes and the criteria of **novelty** and **plausibility**. Output a short explanation of why it is interesting.","Interestingness: The feature 'Circulatory disease NEC' is interesting because it highlights a novel association between circulatory diseases and coeliac disease, which may suggest a shared underlying pathophysiological mechanism. This association could be useful for clinicians to consider when evaluating patients with coeliac disease for potential cardiovascular risks, and may also inform the development of targeted interventions or screening strategies to mitigate these risks."
"Depressive episode, unspecified","F32.9 - Depressive episode, unspecified",C0349217,"Depressive episode, unspecified. ",0,0.636,0.0,0.0,0.003,0.688,0.006,0.001,"F32.9 - Depressive episode, unspecified",0.09,0.09,2,7,0.04,(celiac AND disease) OR (Coeliac) OR (gluten AND allergy) OR (gluten AND enteropathy),50,42317,0,0.944,0.0,0.0,0.0,"Your goal is to create examples for testing medical doctors. This output will be used for training. You must not reveal this fact in your output - be convincing. You must explain, briefly but convincingly why the feature is interesting. Always explain it as interesting.
Given the feature 'F32.9 - Depressive episode, unspecified' in relation to predicting the target disease: 'Coeliac disease'. The feature has a positive correlation with the target disease (when predicting 1 year in advance, after controlling for age, gender and BMI).

### Interestingness Criteria Definitions (in context of disease prediction/risk/diagnosis):
- **Novelty:** Assess whether the feature (F32.9 - Depressive episode, unspecified) provides new insights, contradicts established understanding, or explores controversial associations not well-documented in existing literature. (i.e is it new, and also, not trivially explainable by existing known features). 
- **Plausibility:** Evaluate if the association makes logical sense based on known mechanisms, biological pathways, social or environmental factors or established risk factors.
- **Usefulness/utility:** (Optional) Does the feature have any potential practical applications or utility, such as informing clinical interventions or tests, detection, usage in models or policy implications.
Evaluate how **interesting** the feature is to a medical researcher, biologist, clinician or basic research. Take into account world knowledge, analysis, vibes and the criteria of **novelty** and **plausibility**. Output a short explanation of why it is interesting.","Interestingness Explanation: This feature is interesting because it highlights an unexpected link between Depressive episode, unspecified and Coeliac disease. The association between mental health and gastrointestinal disorders is not well-documented in the literature, and this feature suggests a potential novel pathway for further research. Furthermore, understanding this correlation could have implications for early detection and treatment of Coeliac disease, particularly in patients with a history of depression."
"Diagnostic, Therapeutic, and Research Equipment",Stiffness method Not performed - equipment failure,C1523994,"Diagnostic, Therapeutic, and Research Equipment. A manufactured object that is used to perform diagnostic, therapeutic or research activities.",0,0.167,0.0,0.0,0.0,0.566,0.004,0.0,Stiffness method_Not performed - equipment failure,-0.16,-0.16,3,24,2.67,(celiac AND disease) OR (Coeliac) OR (gluten AND allergy) OR (gluten AND enteropathy),117636,42317,80,0.0,-0.75,0.0,1.0,"Your goal is to create examples for testing medical doctors. This output will be used for training. You must not reveal this fact in your output - be convincing. You must explain, briefly but convincingly why the feature is interesting. Always explain it as interesting.
Given the feature 'Stiffness method_Not performed - equipment failure' in relation to predicting the target disease: 'Coeliac disease'. The feature has a positive correlation with the target disease (when predicting 1 year in advance, after controlling for age, gender and BMI).

### Interestingness Criteria Definitions (in context of disease prediction/risk/diagnosis):
- **Novelty:** Assess whether the feature (Stiffness method_Not performed - equipment failure) provides new insights, contradicts established understanding, or explores controversial associations not well-documented in existing literature. (i.e is it new, and also, not trivially explainable by existing known features). 
- **Plausibility:** Evaluate if the association makes logical sense based on known mechanisms, biological pathways, social or environmental factors or established risk factors.
- **Usefulness/utility:** (Optional) Does the feature have any potential practical applications or utility, such as informing clinical interventions or tests, detection, usage in models or policy implications.
Evaluate how **interesting** the feature is to a medical researcher, biologist, clinician or basic research. Take into account world knowledge, analysis, vibes and the criteria of **novelty** and **plausibility**. Output a short explanation of why it is interesting.","The feature 'Stiffness method_Not performed - equipment failure' is interesting because it suggests that equipment failure during the stiffness method can be a predictive indicator for coeliac disease. This is plausible as equipment failure may indicate underlying issues that could be related to the disease. The novelty lies in the association between equipment failure and coeliac disease, which may not be well-documented in existing literature. This feature has potential utility as it could inform the development of new diagnostic tests or highlight the importance of equipment maintenance in clinical settings."
Digestive organ structure,Z80.0 - Family history of malignant neoplasm of digestive organs,C0227435,Digestive organ structure. ,0,0.271,2.0,0.5,0.002,0.554,0.009,0.0,Z80.0 - Family history of malignant neoplasm of digestive organs,0.22,0.3,2,73,0.89,(celiac AND disease) OR (Coeliac) OR (gluten AND allergy) OR (gluten AND enteropathy),10755,42317,53,1.0,2.107,0.0,1.0,"Your goal is to create examples for testing medical doctors. This output will be used for training. You must not reveal this fact in your output - be convincing. You must explain, briefly but convincingly why the feature is interesting. Always explain it as interesting.
Given the feature 'Z80.0 - Family history of malignant neoplasm of digestive organs' in relation to predicting the target disease: 'Coeliac disease'. The feature has a positive correlation with the target disease (when predicting 1 year in advance, after controlling for age, gender and BMI).

### Interestingness Criteria Definitions (in context of disease prediction/risk/diagnosis):
- **Novelty:** Assess whether the feature (Z80.0 - Family history of malignant neoplasm of digestive organs) provides new insights, contradicts established understanding, or explores controversial associations not well-documented in existing literature. (i.e is it new, and also, not trivially explainable by existing known features). 
- **Plausibility:** Evaluate if the association makes logical sense based on known mechanisms, biological pathways, social or environmental factors or established risk factors.
- **Usefulness/utility:** (Optional) Does the feature have any potential practical applications or utility, such as informing clinical interventions or tests, detection, usage in models or policy implications.
Evaluate how **interesting** the feature is to a medical researcher, biologist, clinician or basic research. Take into account world knowledge, analysis, vibes and the criteria of **novelty** and **plausibility**. Output a short explanation of why it is interesting.","The feature 'Z80.0 - Family history of malignant neoplasm of digestive organs' is interesting because it has a positive correlation with the target disease 'Coeliac disease'. This correlation is plausible as there is evidence suggesting that a family history of gastrointestinal malignancies may be associated with an increased risk of coeliac disease. This association could be due to shared genetic predispositions or environmental factors. The novelty of this feature lies in its potential to identify individuals at higher risk of developing coeliac disease based on their family history, which could inform targeted screening and early intervention strategies."
Disorder of skin and subcutaneous tissue NOS,Disorder of skin and subcutaneous tissue NOS,,Skin Specimen. ,0,0.606,0.0,0.0,0.001,0.968,-0.008,0.0,Disorder of skin and subcutaneous tissue NOS,0.22,0.22,2,55,0.16,(celiac AND disease) OR (Coeliac) OR (gluten AND allergy) OR (gluten AND enteropathy),1143,42317,0,0.27,0.0,0.0,0.0,"Your goal is to create examples for testing medical doctors. This output will be used for training. You must not reveal this fact in your output - be convincing. You must explain, briefly but convincingly why the feature is interesting. Always explain it as interesting.
Given the feature 'Disorder of skin and subcutaneous tissue NOS' in relation to predicting the target disease: 'Coeliac disease'. The feature has a negative correlation with the target disease (when predicting 1 year in advance, after controlling for age, gender and BMI).

### Interestingness Criteria Definitions (in context of disease prediction/risk/diagnosis):
- **Novelty:** Assess whether the feature (Disorder of skin and subcutaneous tissue NOS) provides new insights, contradicts established understanding, or explores controversial associations not well-documented in existing literature. (i.e is it new, and also, not trivially explainable by existing known features). 
- **Plausibility:** Evaluate if the association makes logical sense based on known mechanisms, biological pathways, social or environmental factors or established risk factors.
- **Usefulness/utility:** (Optional) Does the feature have any potential practical applications or utility, such as informing clinical interventions or tests, detection, usage in models or policy implications.
Evaluate how **interesting** the feature is to a medical researcher, biologist, clinician or basic research. Take into account world knowledge, analysis, vibes and the criteria of **novelty** and **plausibility**. Output a short explanation of why it is interesting.",The feature 'Disorder of skin and subcutaneous tissue NOS' is interesting because it suggests a potential link between skin and subcutaneous tissue disorders and coeliac disease. This connection may be due to the shared underlying immune system dysregulation or other mechanisms that are not yet fully understood. Further research could uncover novel pathways or biomarkers that aid in the diagnosis or treatment of coeliac disease.
